-- See the README.txt file for Table Creation and data insertion.
-- used MySQL for this assignment

INSERT INTO User(name, age, email, address, country) VALUES('Jessica Smith', 16, 'garciamichael@example.org', '9797 Christopher Station, Port Alexisfort, PW 33246','United States'),('Joshua Owens', 23, 'adamsangela@example.net', '3378 Shelly Cliffs Apt. 527, Jacksonland, OR 65588','United States'),('Justin Thomas', 56, 'kruegerdonald@example.com', '0242 Blevins Drives Suite 096, Tylershire, FM 61858','United States'),('Richard Ruiz', 33, 'hgross@example.com', '66181 Bennett Viaduct, Daniellestad, CT 92599','United States'),('Tracey Carpenter', 46, 'melanieterrell@example.com', '116 Brandon Heights Apt. 381, Kevinmouth, CA 77175','United States'),('Benjamin Simmons', 37, 'sandersjanet@example.com', '86293 Brown Knoll Apt. 787, Dominicton, RI 22138','United States'),('Sarah Jones', 53, 'aaronleonard@example.net', '06653 Mayer Harbors, Robertshire, MH 20347','United States'),('Anna Green', 64, 'rhodge@example.net', '3496 Michael Village Suite 372, Parkerland, NJ 52273','United States'),('Ryan Carey', 35, 'kfuller@example.com', '28977 Laurie Stream Suite 105, Brownberg, PW 77573','United States'),('Gregory Mullins', 49, 'erin95@example.net', 'USNV Hart, FPO AP 98748','United States'),('Joseph Guzman', 55, 'robin74@example.org', '45206 Elizabeth Cape, Lake Eric, MD 68088','United States'),('Terry Solomon', 51, 'helen93@example.com', '959 Francisco Parks, New Cindy, CA 19576','United States'),('Sara Barker', 76, 'ucastaneda@example.org', '51560 Lee Road Apt. 586, Rowlandtown, NV 11010','United States'),('Jessica Peterson', 74, 'heathernorton@example.net', '2103 Mary Rapids Apt. 824, New Taylorstad, LA 52491','United States'),('Jacob Mitchell', 52, 'david90@example.org', '254 Massey Groves Apt. 720, Allenmouth, KY 95781','United States'),('Tracy Willis', 64, 'lfischer@example.com', '591 Flowers Crossroad Apt. 771, Port Kayla, IA 92055','United States'),('James Carter', 78, 'richard39@example.com', '7818 Miller Flat Apt. 952, Nelsonborough, KS 04352','United States'),('Matthew Guzman', 17, 'romanjorge@example.com', '926 Smith Ranch Suite 593, Port Samantha, ID 80466','United States'),('Jeremy Shaw', 55, 'lisa66@example.com', '3422 Moore Fort Suite 836, Johnsonfurt, WI 09569','United States'),('Michelle Jones', 43, 'freeves@example.com', '485 Shaffer Springs, West Lindseytown, AS 66176','United States'),('Charles Patterson', 79, 'saradavis@example.net', '6745 Cameron Mill, South John, CA 35451','United States'),('Robyn Rivas', 47, 'tiffanymcgrath@example.org', '59608 Khan Row, Port Angela, AK 48102','United States'),('Cynthia Hines', 65, 'vcrawford@example.net', '997 Harrison Brook, West Helenville, NV 75471','United States'),('Danielle Barnes', 17, 'amyers@example.org', '523 William Bypass, West Emily, AK 45731','United States'),('Rebecca Blair', 14, 'jenkinstimothy@example.net', '97904 Sean Extensions, Evanport, NC 01750','United States'),('Sandra Nguyen', 38, 'jackiedelgado@example.net', '62659 Booth Common Suite 958, Lake Lauriemouth, NC 24445','United States'),('Justin Holmes', 78, 'dianagarcia@example.org', '159 Baker Ways, North Rhondamouth, WI 80619','United States'),('Heather Watkins', 39, 'shaffersean@example.net', '8964 Elaine Row, Michellemouth, WA 28356','United States'),('Randy Walls', 50, 'jonesanthony@example.com', '690 Bryant Forge Apt. 555, Kellyville, AK 17442','United States'),('Ian Garner', 24, 'adamseric@example.net', '186 Roberson Manor Suite 382, Lake Rodney, SC 57194','United States'),('Mary Gray', 72, 'rtorres@example.com', '494 Kenneth Drives, Brownchester, MN 07026','United States'),('Marcia Norman', 13, 'gonzalezkristopher@example.com', '458 Perry Mission Apt. 995, Jamesmouth, CT 53320','United States'),('Holly Phillips', 64, 'jonathan92@example.com', '206 Willis Roads, East Nicholas, MN 54377','United States'),('Tabitha Walker', 68, 'patricia12@example.net', '67447 Frank Motorway Suite 004, South David, RI 76425','United States'),('Christian Mathis', 49, 'nancy29@example.net', '39976 Lisa Estate Apt. 112, North Thomas, MP 14305','United States'),('Alisha Chan', 38, 'leescott@example.net', '573 Lee Ford Suite 685, Oconnorview, AS 90240','United States'),('Evan Smith', 55, 'cheryl71@example.com', '681 Taylor Lock Suite 706, South Melissabury, UT 85367','United States'),('Kristi Macdonald', 20, 'michael70@example.net', '839 Paul Parkways, West Victoria, TN 83829','United States'),('Patrick Carter', 55, 'oalvarez@example.org', '333 Smith Loop Apt. 704, Grossshire, MP 07605','United States'),('Jennifer Jackson', 23, 'pblackwell@example.net', '0396 Ballard Burg, Lake Douglas, CT 44815','United States'),('Joseph Russo', 23, 'zamoramichelle@example.org', '59500 Stephens Mills Apt. 797, Micheleshire, TN 43345','United States'),('Yvette Mitchell', 26, 'tracy75@example.org', '6478 Nelson Point, South Kaitlinmouth, NC 13757','United States'),('Amy Johnson', 23, 'rossraymond@example.com', '3982 Cox Passage, Williamsmouth, AZ 56242','United States'),('Brian Woodard', 35, 'april69@example.org', '135 Davis Radial, South Elizabethfurt, UT 37374','United States'),('Jason Walker', 78, 'debbie27@example.com', '37881 Clayton Corner Apt. 096, Johnburgh, AS 95223','United States'),('Chad Michael', 13, 'joshua32@example.org', '5732 Amy Mews Suite 252, South Linda, MA 45574','United States'),('Daniel Green', 58, 'swalsh@example.org', 'Unit 8615 Box 6663, DPO AE 47519','United States'),('Carly Aguilar', 67, 'michele74@example.com', '15490 Clifford Brooks Apt. 743, Jacobland, DE 98977','United States'),('Gina Johnson', 50, 'stevenhudson@example.com', '78258 Laurie Ford Apt. 902, Michaeltown, MH 31310','United States'),('Charles Mckenzie', 39, 'collinsmatthew@example.net', '44562 Anthony Village Apt. 809, North Ronald, SD 61716','United States'),('Stephanie Riley', 62, 'grahamkevin@example.com', '85971 Mills Meadow, Houseside, WV 89594','United States'),('Bruce Warren', 39, 'mholder@example.net', '6514 Watson Hollow, South Jenniferport, PA 84392','United States'),('Heather Jackson', 36, 'graymichael@example.com', 'USS Bell, FPO AP 95533','United States'),('Michael Ford', 70, 'warnerkristine@example.com', '34586 Anthony Plains Suite 945, Meltonmouth, MD 31874','United States'),('Jason Smith', 73, 'zachary99@example.com', '586 Susan Hills Apt. 120, West Lesliehaven, NC 04379','United States'),('Thomas Vasquez', 54, 'ycoleman@example.org', '649 Flowers Creek Suite 204, Frankside, AS 81681','United States'),('Shannon Jones', 47, 'stephanieramirez@example.net', '66005 Brown Stream, Jeffreyfurt, OR 66127','United States'),('Linda May', 66, 'dbaker@example.com', '61721 Walker Locks, South Mario, ND 27957','United States'),('Christina Dickerson', 49, 'elizabeth38@example.net', '409 Garcia Ports, North Anthony, MI 30178','United States'),('Alexander Abbott', 74, 'debra27@example.org', '8574 Sandra Shoals Suite 037, Bakerton, ME 73209','United States'),('Manuel Webb', 60, 'lindsay88@example.org', '011 Briggs Canyon, Chapmanstad, KS 66019','United States'),('Veronica Boyle', 79, 'dfernandez@example.com', '65218 Clifford Rapid, Reedberg, VI 70689','United States'),('Dustin Farrell', 45, 'erictaylor@example.net', '6324 Gutierrez Path, West Emily, MA 35086','United States'),('Brittney Patterson', 49, 'millsdonna@example.net', '46291 Oliver Fork Suite 161, Beckyberg, DE 89014','United States'),('Jonathan Rice', 61, 'william60@example.org', '6646 Deleon Hills, East Kelly, MH 28769','United States'),('Susan Maxwell', 55, 'wilsonjon@example.com', '54422 Jasmine Center Apt. 045, Lopezstad, MN 13587','United States'),('Andrew Roth', 69, 'kenneth99@example.net', '28640 Daniel Union, Ryanbury, MH 70619','United States'),('Margaret Gutierrez', 70, 'emack@example.net', '58494 Oconnor Club, Deniseland, MP 34907','United States'),('Yolanda Shaw', 15, 'cameron07@example.net', '17532 Sandoval Canyon, South Codybury, DE 36911','United States'),('Robert Stokes', 14, 'bryantholly@example.org', '0776 Harris Street, East Donna, OR 84723','United States'),('Eric Kelly', 65, 'kelly61@example.org', '963 Robert Prairie Apt. 485, Erinbury, FL 44706','United States'),('Jonathan Mitchell', 20, 'evelasquez@example.net', 'USNS Patterson, FPO AP 42130','United States'),('Chad Fisher', 80, 'powerskaitlin@example.org', 'USNV Brown, FPO AP 41290','United States'),('Cameron Barker', 59, 'xstewart@example.com', '9891 Heather Drive, New Scottburgh, KY 58979','United States'),('Mark Cross', 36, 'nathaniel18@example.net', '37800 Brenda Fort Suite 110, Port Rebeccaport, MH 74130','United States'),('Corey Murray', 65, 'dennisrichardson@example.com', 'USS Kelley, FPO AE 30884','United States'),('Stephanie Elliott', 42, 'robinsonadam@example.net', '449 Mary Island Apt. 164, Blakeland, KS 65840','United States'),('Nicole Rivas', 69, 'aprilkerr@example.com', '523 Harris Spurs Apt. 076, Caitlinfort, MD 24412','United States'),('David Hunter', 13, 'michaelstout@example.net', '8123 Frazier Valleys, Lake Luketon, NV 57755','United States'),('Christopher Kirby', 23, 'krystalrose@example.org', '51734 Garrett Ramp Apt. 901, East Michaelstad, HI 73327','United States'),('Glenda Moreno', 29, 'warren84@example.org', '0460 Riley Viaduct Suite 829, Taylorville, OR 95256','United States'),('Peter Bartlett', 43, 'onelson@example.net', '20634 Abigail Mall, North Tiffany, DC 05431','United States'),('Jeffrey Wright', 64, 'iharrell@example.org', '1000 Randall Greens Apt. 444, Lake Emma, VA 68558','United States'),('Daniel Key', 19, 'qcruz@example.org', '129 Wilson Roads Apt. 353, North Donnachester, TX 26510','United States'),('Matthew Smith', 33, 'troyleonard@example.com', '4174 Michele Gardens Suite 245, Ortizbury, PR 16188','United States'),('Isaac Robertson', 64, 'longjustin@example.net', '943 Samantha Port Suite 307, South Maryton, PR 15036','United States'),('Thomas Solis', 63, 'brandonlambert@example.org', '426 Garner Route Suite 797, Andersonhaven, NV 09999','United States'),('Robert Mcdonald', 16, 'eric92@example.com', '3188 Buchanan Port Suite 457, East Michaelfort, AR 42878','United States'),('Steve Hernandez', 78, 'jeffreysantos@example.net', '870 Brandon Way Apt. 528, Port Caleb, NM 48353','United States'),('Brian Morse', 39, 'lewislance@example.org', '206 Rios Field Suite 965, Port Jose, ND 73369','United States'),('Christopher Fletcher', 53, 'vserrano@example.org', '98795 Brooke Radial Suite 726, East Steven, PA 41960','United States'),('Blake Hoffman', 14, 'kevinryan@example.com', '930 Oliver Point, Port Melissa, AL 58436','United States'),('Mr. Barry Silva MD', 69, 'michael07@example.org', '116 Pineda Plains Suite 556, Marshallfurt, GA 58621','United States'),('William Suarez', 27, 'hintonjustin@example.org', '74942 Wright Villages Apt. 714, New Chelsea, GU 32686','United States'),('Brandon Campbell', 78, 'john98@example.com', 'PSC 3019, Box 2291, APO AP 60982','United States'),('Jamie Patel', 25, 'tina45@example.com', '7648 Santos Plains Suite 849, Kramerhaven, MS 18871','United States'),('Jeffrey Patel', 79, 'alan59@example.com', 'USNV Humphrey, FPO AP 86887','United States'),('Stephanie Parsons', 80, 'steve31@example.org', '20694 Hill Point Suite 310, East Megan, CT 17770','United States'),('Jason Watson', 56, 'cestrada@example.net', '25940 Sophia Plains Apt. 280, South Jessicashire, KS 45347','United States'),('Jeremy Nelson', 32, 'robertjones@example.net', '07772 Mosley Radial Apt. 042, Brookschester, IA 72637','United States'),('Richard Bond', 14, 'erinpitts@example.net', '412 Alexandria Hill, New Regina, WI 13101','United States'),('Troy Obrien', 60, 'chapmandouglas@example.net', 'Unit 1424 Box 7575, DPO AP 33969','United States'),('Gregory Medina', 15, 'dakota37@example.net', '15404 Jennifer Shoal Suite 308, Navarroshire, DC 52274','United States'),('Peggy Roberts', 75, 'fbradshaw@example.net', '6184 Eric Court, Nguyenhaven, PA 57301','United States'),('Alexandra Mclaughlin', 72, 'andreacervantes@example.net', '628 Ramirez Gardens, Samuelfurt, IA 63769','United States'),('Alexandra Ellis', 79, 'brandonharris@example.com', '843 Singh Causeway Apt. 265, New Stephanie, MD 76832','United States'),('Erica Ballard', 35, 'jasminemontgomery@example.com', '4173 Lawrence Mountains, Millershire, MP 50380','United States'),('Joseph Wood', 63, 'cookchloe@example.com', 'Unit 3807 Box 2566, DPO AA 94608','United States'),('Tracey Rodriguez', 53, 'james96@example.com', '03946 Jeffrey Crescent, East Aaronchester, OR 77812','United States'),('Joann Carr', 75, 'justin10@example.org', 'USS Taylor, FPO AP 93941','United States'),('Cory Harper', 75, 'ericgarza@example.com', '892 David Burg Apt. 788, Adrianburgh, OK 42178','United States'),('David Collins', 71, 'michael75@example.org', '668 Kayla Mount Suite 517, South Diana, CO 10022','United States'),('Elizabeth Tapia', 51, 'brittanyperez@example.org', '692 Little Extension, North Kaitlynmouth, LA 37247','United States'),('Benjamin Logan', 78, 'mccarthychristopher@example.net', '109 Michelle Place, Port Lisahaven, WY 39738','United States'),('Joshua Johnson', 64, 'kcarter@example.com', '7604 Patterson Mills Suite 699, Nicolebury, DC 34265','United States'),('Lauren Faulkner', 26, 'gregorymorales@example.org', 'USNS Andrews, FPO AE 41649','United States'),('Connie Bates', 56, 'bmontgomery@example.com', '071 Glenn Summit Suite 299, Tylertown, WA 53079','United States'),('Dennis Moore', 45, 'christian56@example.org', '565 Alex Circle, New Bryanside, MT 36460','United States'),('Lisa Vang', 31, 'amandaramos@example.org', '0890 Hannah Passage Apt. 552, Smithtown, NC 41562','United States'),('Holly Gonzalez', 49, 'sharonrose@example.net', '71864 Jonathan Overpass Suite 470, Johnsonland, SC 25537','United States'),('Tammy Bailey', 25, 'juliebrown@example.com', 'USNS Bradshaw, FPO AA 91182','United States'),('Andre Bailey', 54, 'vaughnrenee@example.org', '5856 Brittany Parkway, Kevinville, CT 12406','United States'),('Elizabeth Dean', 52, 'delgadosherry@example.org', '106 Walls Landing Suite 260, Rodriguezland, DE 48008','United States'),('Kristine Hernandez', 31, 'jamesscott@example.org', '3375 Amy Motorway Apt. 721, West Alyssaburgh, MH 77104','United States'),('Kim Fitzpatrick', 70, 'markibarra@example.net', '855 Hughes Islands Apt. 579, Obrienstad, SD 83623','United States'),('Diana Mckay', 19, 'cholden@example.net', '8477 Calhoun Trail Suite 830, Kristaland, DC 03698','United States'),('Eric Thomas', 26, 'hernandezjennifer@example.net', '2829 Miller Grove, West Julieville, PA 46254','United States'),('Deborah Powell', 18, 'kchan@example.org', '7802 Krista Ferry, New Jamesview, NV 60747','United States'),('Valerie Madden', 37, 'murphydavid@example.org', '31745 Shawna Bypass Apt. 689, Smithton, KY 81902','United States'),('Michele Garcia', 56, 'marshallerika@example.com', '50292 Miller Meadows, Melissafurt, CA 30434','United States'),('Tami Figueroa', 33, 'samantha60@example.org', '2617 Briggs Springs, Vargasmouth, NH 72744','United States'),('Jason Chang', 12, 'heidibridges@example.com', '26450 Brianna Village, Camposville, AK 99900','United States'),('Melissa Haley', 34, 'asnyder@example.org', '832 Bryant Creek, South Christopher, FL 18784','United States'),('Paul Madden', 49, 'johnjenkins@example.net', '11913 Sandoval Mission Suite 209, Mooneytown, AK 04615','United States'),('Miguel Jenkins', 23, 'brian07@example.com', '320 Michael Falls, Amandamouth, PW 93351','United States'),('Kyle Adams', 26, 'fchapman@example.net', '888 Debra Drive, Jacobstad, MP 26377','United States'),('Jason Mccoy', 16, 'nicholaswhite@example.net', '29935 Jeremy Branch, East Melissafort, FL 29191','United States'),('Thomas Adams', 47, 'gutierrezjesse@example.org', '446 Richards Island Apt. 916, Williamsborough, MP 49610','United States'),('David Hurst', 80, 'jamie80@example.com', '1375 Hector Land Suite 675, North Rebecca, ME 67047','United States'),('Barry Tyler', 47, 'martingomez@example.net', '438 Mendoza Rue, Richardmouth, TX 26429','United States'),('James Tucker', 42, 'beth97@example.net', '640 Daniel Cliff, West Jose, MI 76928','United States'),('Anita Lopez', 35, 'brittanyweaver@example.com', '52938 Derrick Highway Suite 108, Port Ethanland, DC 60194','United States'),('Renee Diaz', 53, 'mrobles@example.org', '389 Jackson Pine Apt. 898, Laraburgh, KS 32278','United States'),('Kelsey Dennis', 55, 'jonathan21@example.org', '198 Anthony Court Apt. 730, Lake Jeremyville, SC 34798','United States'),('Brandon Joseph', 56, 'william13@example.net', '11173 Brown Corners Apt. 728, Kaisermouth, HI 10791','United States'),('Diane Massey', 29, 'cooperalex@example.org', '4156 Derrick Light, South Sharonchester, OR 06703','United States'),('Mark Bowen', 76, 'randerson@example.net', '51050 Debbie Streets, Bestport, OK 80423','United States'),('Justin Cunningham', 60, 'christian76@example.com', '849 Aguirre Groves, Joebury, GA 78776','United States'),('Alan Turner', 76, 'ubeltran@example.org', '6171 Davenport Prairie, Theresamouth, AK 73720','United States'),('Timothy Suarez', 12, 'zjohnson@example.com', '9176 Liu Springs, Barbaraton, RI 10422','United States'),('Laura Larson', 70, 'daniellecarter@example.com', '383 Guzman Fort, South Austinside, KY 71301','United States'),('Chad Newman', 41, 'morgandiana@example.org', 'Unit 4844 Box 9253, DPO AE 96429','United States'),('Nicholas Wilcox', 54, 'manuelchan@example.net', '3783 Mckay Course, New Brandon, MD 55311','United States'),('Stephanie Parker', 76, 'dylanharris@example.org', 'PSC 3290, Box 7395, APO AP 63066','United States'),('Michael Cross', 71, 'caroline73@example.org', '84961 Chung Bypass Suite 155, North Robertborough, AL 27331','United States'),('Michael Collier', 75, 'hannah78@example.com', '077 Jason Vista, East Briannaside, FL 49722','United States'),('Nicholas Allen', 30, 'erinsullivan@example.org', '097 Maureen Summit, Millerfurt, MT 36412','United States'),('Donna Bradley', 16, 'schneiderdale@example.net', '7093 Weaver Station Suite 494, Robertbury, KS 29543','United States'),('Jesse Nguyen', 40, 'tannerkari@example.org', '07942 Friedman Square Suite 766, Woodport, CO 98049','United States'),('Mark Williams', 23, 'tina71@example.org', '5683 Brooks Square, Christineport, LA 46469','United States'),('John Sanchez', 43, 'chelsea23@example.org', '91883 Shelly Rue, Ellenhaven, CT 83808','United States'),('Bailey Owens', 65, 'kprice@example.net', '6217 Anthony Ramp, Yeseniafurt, IA 83752','United States'),('Norma Taylor', 41, 'olittle@example.com', 'USNS Sweeney, FPO AP 22482','United States'),('Jon Willis', 70, 'edwinjefferson@example.net', 'PSC 7211, Box 2232, APO AA 30762','United States'),('Tyler Webb', 71, 'matthewhardy@example.net', '1234 Hill Rest Apt. 921, Port Natashashire, OR 05953','United States'),('Daniel Romero', 21, 'kaylahardin@example.com', 'USS Brown, FPO AE 35903','United States'),('Paula Brown', 58, 'walleraudrey@example.org', '555 Jeffrey Light, Williamberg, WA 68592','United States'),('Ann Wallace', 49, 'garciamonica@example.net', '694 Wilcox Lodge Suite 645, North Ronaldport, MH 57828','United States'),('Dana Conrad', 75, 'xmiller@example.com', '9071 Chad Path, North Reginabury, MA 46989','United States'),('Stephanie Montgomery', 16, 'jamesanderson@example.com', '25528 Susan Route, North Christinamouth, UT 97235','United States'),('John Dixon', 64, 'elizabeth06@example.net', '3666 Joann Spur Apt. 693, Lake Diana, DC 64137','United States'),('Victoria Figueroa', 22, 'david92@example.com', '8182 Romero Road Apt. 814, Port Tammyland, AS 58616','United States'),('Penny Black', 59, 'margaret03@example.com', '1717 Veronica Road, North Dominiqueborough, CO 83476','United States'),('Steven Gutierrez', 53, 'barry78@example.org', '8973 Sandra Avenue Suite 330, Harringtonside, OH 93136','United States'),('Kelsey Barnes', 53, 'rgonzalez@example.org', 'PSC 7077, Box 8729, APO AE 25000','United States'),('Michael Lutz', 35, 'owensjackie@example.net', '4224 Burton Stream, Heatherhaven, MN 06933','United States'),('John Delgado', 42, 'tommy16@example.com', 'USNV Berry, FPO AE 50781','United States'),('Thomas Rodriguez', 60, 'ghull@example.net', '600 Jones Courts, West Kevinland, IA 51578','United States'),('Theresa Clark', 60, 'leamanda@example.net', '9348 Veronica Landing Suite 467, South Christopherburgh, KY 27973','United States'),('Luis Pratt', 21, 'richardskimberly@example.net', '2875 Lowe Square Suite 923, New Ashley, NC 11953','United States'),('Whitney Cohen', 68, 'morrissherry@example.net', '5148 Ramirez Mills, Woodfurt, CT 61638','United States'),('Michelle Rodriguez', 16, 'bonniebrown@example.com', '9634 Paul View, New Laurafurt, NV 07806','United States'),('Laura Frazier', 47, 'iperez@example.net', '09190 Patrick Cape Suite 222, Lake David, MD 43849','United States'),('Gregory Mccarthy', 29, 'smaldonado@example.org', '766 Marcus Key Suite 546, Baileyshire, SD 20790','United States'),('Danielle Marshall', 16, 'joewillis@example.net', '816 Gonzalez Lights, West Shelley, FL 68419','United States'),('Kiara Estrada', 79, 'whitelaura@example.org', '38504 Shields Spring Apt. 315, Evansmouth, FL 69086','United States'),('Maria Poole', 72, 'pmontoya@example.com', '36570 Elizabeth Hills Apt. 215, South Nicholasstad, RI 00762','United States'),('Nicholas Soto', 15, 'walkermaureen@example.net', '03102 Patel Estate, Christopherville, ND 42130','United States'),('Donald Walker', 19, 'hreyes@example.net', '2402 Anderson Glens Apt. 163, Simonshire, MO 30240','United States'),('Mary Arellano', 19, 'zyates@example.com', '076 Robert Lane Apt. 264, Loweryfurt, GU 36715','United States'),('Connie Bender', 16, 'jacobchen@example.org', '418 Flores Highway Suite 505, New Andrew, PA 79305','United States'),('Ashley Nixon', 56, 'elizabeth53@example.net', '29987 Ronnie Gateway, Clarkburgh, PA 64571','United States'),('John Cox', 70, 'carlos12@example.org', '71500 Sheila Summit Apt. 026, West Justinfort, LA 62894','United States'),('Nicholas Munoz', 20, 'thomasford@example.com', 'USS Frazier, FPO AA 78313','United States'),('Nicholas Guerrero', 31, 'kristencastro@example.org', '050 Rogers Squares Suite 831, Dianabury, CT 55406','United States'),('Frank Sosa', 74, 'joshua96@example.org', '799 Duncan Circle, West Brooke, AZ 16271','United States'),('Timothy Lopez', 47, 'wangkimberly@example.org', '88516 Rebecca Lodge, Gonzalezfort, GU 04241','United States'),('Alexander Schmidt', 75, 'grobinson@example.com', '0169 Flores Trace, Deborahchester, RI 15766','United States'),('Jason Mejia', 53, 'gmorales@example.com', '969 Wheeler Drive Apt. 693, West Charles, CA 47386','United States'),('Brandy Vazquez', 63, 'bergerangela@example.net', 'USS Smith, FPO AA 48145','United States'),('Sherry Osborne', 73, 'mjohnson@example.net', '100 Williams Mountain Suite 904, Perryport, NM 33712','India'),('Claudia Smith DDS', 70, 'wlawrence@example.net', '8351 Lee Route Apt. 181, Anthonystad, MS 82309','India'),('Catherine Hernandez', 78, 'marciagreen@example.com', '019 David Spur Apt. 557, East Kristintown, MN 43984','India'),('Mark Franklin', 57, 'jasonrowe@example.org', '434 Stephens Hill Suite 892, Amberhaven, RI 35966','India'),('Wayne Atkinson', 13, 'kelly63@example.com', '7678 Myers Freeway, Joelstad, CT 16823','India'),('Tracy Navarro', 42, 'kellybradley@example.net', '94205 Murphy Lock Apt. 412, Jeffreyfurt, CA 60765','India'),('Linda Williams', 76, 'stevenbrown@example.net', '9777 Owens Brooks Suite 062, North James, NH 64431','India'),('Charlene Sullivan', 75, 'gregoryrussell@example.org', '372 Crystal Ranch Apt. 263, Richardberg, AS 37553','India'),('Laura Reyes', 25, 'lmartinez@example.com', '999 Galvan Oval Suite 651, Perkinsberg, NJ 54280','India'),('Philip Johnson', 53, 'brian94@example.org', '227 Sandra Orchard Suite 346, Lake Matthewtown, CO 21019','India'),('Robert Thomas', 57, 'gdavis@example.net', '37298 John Island Apt. 725, Warrenfurt, AK 99553','Japan'),('Jennifer Wilson', 28, 'russellnicole@example.com', '2893 Brian Crossing Suite 179, Hunterton, IA 15874','Japan'),('Ms. Veronica Kim', 32, 'jessica10@example.com', '57199 Henderson Creek Suite 039, Lake Christophermouth, VA 34492','Japan'),('Reginald Griffin', 31, 'sharonestes@example.org', 'Unit 4433 Box 4178, DPO AP 26487','Japan'),('Kelly Hernandez', 38, 'wilsoncourtney@example.com', '160 Pace Loop, New Courtneyland, NE 06885','Japan'),('Olivia Ross', 32, 'zgonzalez@example.org', 'USCGC Sanchez, FPO AE 06246','Japan'),('Carolyn Bowers', 46, 'fray@example.com', 'Unit 9968 Box 1547, DPO AP 12493','Japan'),('Emily Myers', 12, 'colescott@example.org', '0284 Burke Burgs, Laneville, NH 96689','Japan'),('Kelly Robinson', 47, 'estesjennifer@example.org', '58498 Roberts Greens, South Johnmouth, ME 97546','Japan'),('Carol Pennington', 27, 'tiffany82@example.com', '9435 Brock Mall, West Patrickfort, AR 34726','Japan'),('Taylor Swift', 45, 'taylor@swift.com', '525 Broadway, Los Angeles, US','United States'),('Marvel Entertainment', 38, 'marvelE@example.com', '63 Vermont Ave, Los Angeles, US','United States'),('Marvel Entertainment US', 38, 'marvelUS@example.com', '63 Vermont Ave, Los Angeles, US','United States'),('David Peterson',22,'david@google.com','1234 Main St, Los Angeles, US','United States');


INSERT INTO Channel(owner_id, name, creationDate, creationTime, number_of_videos, number_of_subscribers) VALUES(92, 'VibeVision', '2011-06-21', NULL, NULL, 6176),(10, 'Mindful Mornings', '1980-05-10', NULL, NULL, 29080),(9, 'TechTalks', '1985-11-10', NULL, NULL, 5562),(5, 'LifeHacks101', '1988-07-08', NULL, NULL, 45510),(26, 'Gourmet Gurus', '1990-03-08', NULL, NULL, 1435),(72, 'YogaFlow', '2001-12-11', NULL, NULL, 35124),(49, 'Adventure Avenue', '2015-12-07', NULL, NULL, 48216),(51, 'Creative Corner', '2021-04-04', NULL, NULL, 27655),(98, 'FitnessFuel', '2020-10-13', NULL, NULL, 2387),(99, 'BrainBoosters', '2019-01-19', NULL, NULL, 25103),(81, 'FashionFrenzy', '1995-09-26', NULL, NULL, 33224),(32, 'NatureNirvana', '1993-05-21', NULL, NULL, 14091),(40, 'Musical Musings', '1996-02-12', NULL, NULL, 27175),(58, 'FoodieFiesta', '1975-01-23', NULL, NULL, 7997),(100, 'Gamers Den', '2007-07-21', NULL, NULL, 20563),(8, 'Pet Paradise', '1983-12-08', NULL, NULL, 6873),(88, 'TravelTales', '2004-08-02', NULL, NULL, 182),(54, 'Artistic Antics', '1991-07-11', NULL, NULL, 48975),(51, 'Bookworms Unite', '2017-10-28', NULL, NULL, 14692),(86, 'Health&Wellness', '2015-12-03', NULL, NULL, 23609),(85, 'Entrepreneur Evolution', '1980-09-05', NULL, NULL, 20820),(28, 'Social Savvy', '2011-07-15', NULL, NULL, 1420),(87, 'Beauty Buzz', '1986-06-27', NULL, NULL, 5006),(22, 'MindMeld', '1971-12-30', NULL, NULL, 9735),(29, 'VlogVoyage', '1971-12-01', NULL, NULL, 3642),(17, 'FilmFanatics', '2020-05-31', NULL, NULL, 16883),(9, 'SportsSpotlight', '2011-01-29', NULL, NULL, 11016),(1, 'DIY Divas', '2000-08-01', NULL, NULL, 33732),(23, 'Comic Connoisseurs', '2019-04-10', NULL, NULL, 17054),(61, 'Cooking Chronicles', '2019-03-15', NULL, NULL, 28453),(5, 'FitnessFrenzy', '2010-03-16', NULL, NULL, 40798),(36, 'TechTonic', '1992-03-06', NULL, NULL, 135),(62, 'Mindful Musings', '1993-04-08', NULL, NULL, 9519),(8, 'Wanderlust Wayfarers', '1994-12-04', NULL, NULL, 20515),(46, 'PoetryPals', '1993-05-04', NULL, NULL, 2436),(11, 'Learning Lane', '1979-10-30', NULL, NULL, 7064),(66, 'NatureNook', '1976-01-30', NULL, NULL, 5940),(69, 'MusicMavens', '2001-02-17', NULL, NULL, 16404),(58, 'FoodForThought', '2015-02-07', NULL, NULL, 26836),(1, 'Gaming Gurus', '1982-01-24', NULL, NULL, 640),(97, 'Animal Adventures', '1975-11-27', NULL, NULL, 36661),(23, 'Travel Tribes', '2011-02-26', NULL, NULL, 37712),(70, 'Artistic Alchemy', '2008-02-09', NULL, NULL, 19675),(7, 'Literary Lions', '1978-04-08', NULL, NULL, 24388),(55, 'Wellness Warriors', '1989-10-24', NULL, NULL, 49948),(53, 'TechTalkTime', '2012-04-21', NULL, NULL, 26039),(79, 'Mindful Moments', '1970-06-01', NULL, NULL, 9931),(99, 'Fashion Forward', '1999-03-18', NULL, NULL, 5395),(99, 'SportSavvy', '2008-03-06', NULL, NULL, 30752),(26, 'Culinary Chronicles', '2008-09-20', NULL, NULL, 31063),(221, 'Taylor Swift Amazing', '2023-01-01', NULL, NULL, 27818),(221, 'Taylor Swift Songs', '2023-01-01', NULL, NULL, 48672),(221, 'Taylor Swift Official', '2023-01-01', NULL, NULL, 32448),(221, 'Enternainment All Day', '2023-01-01', NULL, NULL, 47412),(222, 'Marvel Entertainment Movies', '2023-01-01', NULL, NULL, 14868),(223, 'Marvel Entertainment TV', '2023-01-01', NULL, NULL, 7032),(224, 'Daily Vlogs', '2023-01-01', NULL, NULL, 16611);


INSERT INTO Video(user_id, channel_id, title, url, uploadDate, uploadTime, category) VALUES(40, 13, 'Chill Beats for Relaxing & Studying', 'https://www.pham-hall.org/', '2017-04-29', NULL, 'Information'),(86, 20, 'Virtual Tour of Beautiful Beaches', 'https://sullivan.net/', '1997-03-31', NULL, 'Information'),(9, 27, 'Morning Yoga Routine for Better Health', 'https://www.allen.com/', '2013-10-14', NULL, 'Information'),(100, 15, 'Guided Meditation for a Calm Mind', 'http://www.allen.com/', '2022-07-11', NULL, 'Information'),(40, 13, 'Whats New in the Latest iPhone Update', 'https://henderson.info/', '2014-12-01', NULL, 'Information'),(58, 14, 'How to Build Your Own Gaming PC', 'http://phillips.org/', '2015-10-28', NULL, 'Information'),(100, 15, '15 Life Hacks for an Organized Home', 'http://rodriguez.com/', '1983-05-09', NULL, 'Information'),(72, 6, '10 Simple Kitchen Hacks to Save Time', 'http://www.maynard-carey.com/', '1989-09-29', NULL, 'Information'),(51, 19, 'Easy Dinner Recipes for a Romantic Night In', 'https://moore.org/', '2017-10-21', NULL, 'Information'),(86, 20, '5-Star Restaurant Review: Is It Worth the Hype?', 'http://www.soto.com/', '1977-04-03', NULL, 'Information'),(87, 23, 'Advanced Yoga Poses for Flexibility', 'https://www.berg-ross.com/', '1977-07-06', NULL, 'Information'),(87, 23, 'Beginners Guide to Yoga: How to Start', 'https://mahoney.info/', '2000-02-04', NULL, 'Information'),(5, 4, 'Bungee Jumping in New Zealand', 'https://www.ward-jones.biz/', '1980-02-02', NULL, 'Information'),(22, 24, 'Kayaking in the Amazon Rainforest', 'https://www.morgan.com/', '1992-07-30', NULL, 'Information'),(22, 24, 'DIY Wall Art for Your Living Room', 'https://robinson-martinez.com/', '1981-04-04', NULL, 'Information'),(99, 10, 'Painting a Landscape: A Step-by-Step Tutorial', 'http://www.ellis.com/', '2000-01-06', NULL, 'Information'),(87, 23, '10-Minute Full Body Workout for Busy People', 'https://adams.org/', '2000-05-28', NULL, 'Information'),(92, 1, 'How to Fuel Your Body for Maximum Performance', 'http://smith-joyce.info/', '2018-07-12', NULL, 'Information'),(17, 26, 'How to Improve Your Memory and Focus', 'https://brown-harding.biz/', '2020-07-11', NULL, 'Information'),(51, 8, 'Solving a Rubiks Cube in Under 2 Minutes', 'http://bass.com/', '2021-02-14', NULL, 'Information'),(86, 20, 'Fashion Trends for Spring 2023', 'https://smith.com/', '1999-12-20', NULL, 'Information'),(29, 25, 'Outfit of the Day: Street Style Edition', 'https://www.dyer-lewis.com/', '2015-10-28', NULL, 'Information'),(81, 11, 'Exploring National Parks Across the US', 'http://lane-bentley.com/', '2006-02-21', NULL, 'Information'),(26, 5, 'Wildlife Photography: Tips and Tricks', 'https://price-aguilar.net/', '2019-04-26', NULL, 'Information'),(81, 11, 'Behind the Scenes of a Hit Song', 'https://www.ramirez-blair.info/', '1984-07-23', NULL, 'Information'),(5, 4, 'Learning a New Instrument: Piano Tutorial', 'https://www.patel-winters.com/', '1976-11-02', NULL, 'Information'),(5, 4, 'Foodie Tour of Mexico City', 'http://daniels-singh.org/', '2000-01-10', NULL, 'Information'),(51, 8, 'Trying Weird Food Combinations: Yay or Nay?', 'https://daniel.org/', '2010-05-01', NULL, 'Information'),(17, 26, 'Top 10 Video Games of All Time', 'https://www.goodman.net/', '1997-11-28', NULL, 'Information'),(87, 23, 'Lets Play: Among Us with Friends', 'https://little.com/', '1988-03-22', NULL, 'Information'),(28, 22, 'Training Your Puppy: Tips and Tricks', 'http://nichols.com/', '2006-04-20', NULL, 'Information'),(9, 3, 'Caring for Your Cat: A Complete Guide', 'http://www.lewis.com/', '1972-09-26', NULL, 'Information'),(86, 20, 'Road Trip Across Europe: A Travel Vlog', 'https://montoya.com/', '2023-02-26', NULL, 'Information'),(51, 19, 'How to Travel on a Budget: Tips and Tricks', 'http://caldwell.com/', '2017-05-14', NULL, 'Information'),(58, 14, 'Sculpting a Clay Bust: A Time-Lapse Video', 'http://www.peck.com/', '1979-03-27', NULL, 'Information'),(29, 25, 'Drawing Portraits with Charcoal: A Tutorial', 'http://www.carpenter.org/', '1991-06-22', NULL, 'Information'),(5, 4, 'Reviewing the Latest Bestsellers', 'https://www.sanders.net/', '1976-01-02', NULL, 'Information'),(88, 17, 'Reading the Classics: Pride and Prejudice', 'http://johnson.com/', '2010-08-28', NULL, 'Information'),(81, 11, 'How to Reduce Stress and Anxiety', 'https://www.rodriguez.net/', '1991-09-03', NULL, 'Information'),(85, 21, 'Healthy Eating: Meal Prep for the Week', 'https://www.khan.net/', '1998-12-19', NULL, 'Information'),(86, 20, 'Starting a Business from Scratch', 'http://wilson.org/', '2002-12-07', NULL, 'Information'),(72, 6, 'Interview with a Successful Entrepreneur', 'http://aguirre-lee.biz/', '2000-11-12', NULL, 'Information'),(9, 3, 'How to Improve Your Social Skills', 'https://reynolds.biz/', '1979-05-23', NULL, 'Information'),(28, 22, 'Navigating Social Media: Pros and Cons', 'https://warner.com/', '1997-05-01', NULL, 'Information'),(22, 24, 'Makeup Tutorial for a Glamorous Look', 'https://www.parker.com/', '2002-06-06', NULL, 'Information'),(86, 20, 'Skincare Routine for Clear and Glowing Skin', 'http://www.bowman.com/', '2021-12-17', NULL, 'Information'),(49, 7, 'The Power of Positive Thinking', 'https://raymond.com/', '1972-08-04', NULL, 'Information'),(54, 18, 'Exploring the Science of the Mind', 'http://www.paul.com/', '1984-04-01', NULL, 'Information'),(86, 20, 'Traveling to Japan: A Cultural Experience', 'https://jones.com/', '2011-12-07', NULL, 'Information'),(54, 18, 'Living Abroad: Challenges and Rewards', 'https://www.madden.com/', '1994-08-13', NULL, 'Information'),(53, 46, 'Movie Review: The Shawshank Redemption', 'https://ball.com/', '1977-08-19', NULL, 'Entertainment'),(11, 36, 'Recap of the NBA Finals: Best Moments', 'http://www.smith-johnson.com/', '2007-04-22', NULL, 'Entertainment'),(221, 53, 'How to Train Like an Olympic Athlete', 'http://www.wilson.com/', '1998-04-10', NULL, 'Entertainment'),(79, 47, 'Transforming Old Furniture: DIY Project', 'https://bray-walker.com/', '2004-08-22', NULL, 'Entertainment'),(55, 45, 'How to Make Your Own Natural Soap', 'https://www.porter.org/', '1975-05-09', NULL, 'Entertainment'),(62, 33, 'Comic Book Collection: A Showcase', 'https://www.hart-harris.biz/', '2010-08-20', NULL, 'Entertainment'),(97, 41, 'Exploring the World of Manga: A Beginners Guide', 'https://www.bush-ward.biz/', '2022-11-10', NULL, 'Entertainment'),(221, 53, 'Baking a Delicious Cake: Step-by-Step Tutorial', 'https://www.hernandez.com/', '1983-02-17', NULL, 'Entertainment'),(62, 33, 'Learning to Cook: Simple Recipes for Beginners', 'http://www.miller.com/', '1993-10-09', NULL, 'Entertainment'),(58, 39, '5 Ways to Stay Motivated to Exercise', 'https://johnson-wilson.com/', '2000-04-30', NULL, 'Entertainment'),(8, 34, 'HIIT Workout for Burning Fat and Building Muscle', 'https://hardy-combs.info/', '1975-08-29', NULL, 'Entertainment'),(23, 42, 'New Gadgets Review: Are They Worth the Hype?', 'http://www.gomez.com/', '1979-01-13', NULL, 'Entertainment'),(99, 49, 'How to Improve Your Cybersecurity', 'http://mcdonald.org/', '2004-07-04', NULL, 'Entertainment'),(221, 51, 'Mindfulness Exercises for Better Mental Health', 'http://davis-thompson.biz/', '2011-01-04', NULL, 'Entertainment'),(58, 39, 'Practicing Gratitude: A Daily Journaling Exercise', 'https://www.burton-shannon.com/', '1998-10-28', NULL, 'Entertainment'),(1, 40, 'Backpacking Across South America: A Travel Diary', 'http://www.valencia.com/', '2009-07-31', NULL, 'Entertainment'),(23, 29, 'Luxury Travel: Staying in a 5-Star Resort', 'http://hicks-kemp.com/', '1981-07-20', NULL, 'Entertainment'),(23, 42, 'Sharing Poems and Thoughts: An Open Mic Night', 'https://wilson.net/', '1973-02-15', NULL, 'Entertainment'),(46, 35, 'Writing Poetry: Tips and Inspiration', 'https://sanchez.com/', '1997-03-10', NULL, 'Entertainment'),(55, 45, 'Learning a New Language: Spanish for Beginners', 'https://butler-malone.com/', '1977-02-06', NULL, 'Entertainment'),(7, 44, 'Mastering a Skill: Photography Workshop', 'https://gonzalez.org/', '2006-12-16', NULL, 'Entertainment'),(70, 43, 'Birdwatching in Your Own Backyard', 'https://www.hodges.com/', '1994-04-08', NULL, 'Entertainment'),(36, 32, 'Hiking in the Mountains: A Scenic Adventure', 'https://cole-cook.com/', '1977-08-29', NULL, 'Entertainment'),(99, 49, 'Musical Instruments from Around the World', 'https://long.info/', '1972-02-19', NULL, 'Entertainment'),(69, 38, 'Live Performance: Jazz Band Concert', 'https://www.adams.com/', '2019-01-10', NULL, 'Entertainment'),(62, 33, 'Healthy Snacks for Kids: Fun and Tasty Ideas', 'https://welch.org/', '2016-05-04', NULL, 'Entertainment'),(23, 29, 'Cooking on a Budget: Meal Ideas for Students', 'https://thompson.biz/', '1970-02-06', NULL, 'Entertainment'),(55, 45, 'How to Get Better at Video Games', 'https://harris-morgan.com/', '2004-07-26', NULL, 'Entertainment'),(36, 32, 'Retro Gaming: Rediscovering Classic Games', 'https://thomas.com/', '1973-02-20', NULL, 'Entertainment'),(221, 51, 'Safari Adventure: Up Close with Wild Animals', 'https://www.peterson.com/', '1991-04-03', NULL, 'Entertainment'),(66, 37, 'Rescuing Animals: A Heartwarming Story', 'https://www.roberts.com/', '1995-09-26', NULL, 'Entertainment'),(36, 32, 'Cultural Exchange: Meeting Locals in Thailand', 'https://www.johnston-diaz.org/', '2007-05-10', NULL, 'Entertainment'),(11, 36, 'Adventures Off the Beaten Path: Exploring Iceland', 'http://williams.com/', '2021-07-09', NULL, 'Entertainment'),(79, 47, 'Creating Art with Recycled Materials', 'http://love.org/', '2022-06-04', NULL, 'Entertainment'),(7, 44, 'Graffiti Art: A Street Art Tour', 'https://fuller.com/', '1988-06-17', NULL, 'Entertainment'),(221, 52, 'Interview with a Bestselling Author', 'http://www.hutchinson.com/', '1972-10-29', NULL, 'Entertainment'),(66, 37, 'Book Club Discussion: The Great Gatsby', 'http://weaver.com/', '2017-04-18', NULL, 'Entertainment'),(1, 28, 'Meditation and Yoga Retreat: A Transformative Experience', 'http://nelson.biz/', '1979-02-16', NULL, 'Entertainment'),(58, 39, 'How to Boost Your Immune System Naturally', 'https://www.baker-woodard.info/', '2012-08-14', NULL, 'Entertainment'),(97, 41, 'Tech Predictions for the Future: Whats Next?', 'http://www.arellano.com/', '2008-12-24', NULL, 'Entertainment'),(79, 47, 'Exploring Virtual Reality: A New Frontier', 'https://www.cooper-fowler.org/', '2022-04-20', NULL, 'Entertainment'),(99, 49, 'Morning Rituals for a Positive Day Ahead', 'https://www.mitchell.net/', '1991-03-08', NULL, 'Entertainment'),(221, 52, 'Connecting with Nature: Forest Bathing', 'https://www.jordan.com/', '2014-01-01', NULL, 'Entertainment'),(5, 31, 'Sustainable Fashion: Stylish and Eco-Friendly', 'http://parker.com/', '1999-04-18', NULL, 'Entertainment'),(1, 28, 'Accessorizing for Every Occasion: Tips and Tricks', 'http://www.mckay.com/', '1990-11-05', NULL, 'Entertainment'),(36, 32, 'Fitness Trends: Trying Something New', 'https://gould.com/', '2022-09-08', NULL, 'Entertainment'),(66, 37, 'Top Athletes of All Time: A Tribute', 'http://www.scott.biz/', '2004-05-15', NULL, 'Entertainment'),(26, 50, 'Exploring Different Cuisines: A Food Tour of Asia', 'https://clark-townsend.biz/', '1970-01-19', NULL, 'Entertainment'),(221, 52, 'Cooking for a Crowd: Hosting a Dinner Party', 'https://www.baxter-nguyen.com/', '1985-10-31', NULL, 'Entertainment'),(221, 51, 'Taylor Swift - Blank Space', 'http://www.shaffer.com/', '2023-01-01', NULL, 'Entertainment'),(221, 52, 'Taylor Swift - Shake It Off', 'http://keith.com/', '2023-01-10', NULL, 'Entertainment'),(221, 53, 'Taylor Swift - Love Story', 'http://www.grant.com/', '2023-01-20', NULL, 'Entertainment'),(222, 55, 'Endgame - Official Trailer', 'https://norton.net/', '2023-01-01', NULL, 'Entertainment'),(222, 55, 'Infinity War - Official Trailer', 'https://www.marquez-sharp.net/', '2023-01-01', NULL, 'Entertainment'),(223, 56, 'Marvel Studios Avengers', 'http://www.jones.net/', '2023-01-20', NULL, 'Entertainment'),(223, 56, 'Marvel Infinity War - Official Trailer', 'http://www.nguyen.org/', '2023-01-20', NULL, 'Entertainment'),(224, 57, 'Day in a Life of a YouTuber', 'https://mendoza-wilson.com/', '2023-01-01', NULL, 'Entertainment'),(224, 57, 'Day in a Life of a Student', 'https://www.house.net/', '2023-01-10', NULL, 'Entertainment'),(224, 57, 'Day in a Life of a Lawyer', 'https://rhodes.com/', '2023-01-17', NULL, 'Entertainment'),(224, 57, 'Day in a Life of a Doctor', 'https://flores-fernandez.com/', '2023-01-25', NULL, 'Entertainment'),(224, 57, 'Day in a Life of a Doctor', 'http://green-gordon.info/', '2023-01-30', NULL, 'Entertainment');


INSERT INTO Statistics(video_id, likes, dislikes, views) VALUES(1, 2385, 2781, 5166),(2, 116, 6775, 6891),(3, 905, 2311, 3216),(4, 6206, 2733, 8939),(5, 2786, 4359, 7145),(6, 1102, 1377, 2479),(7, 876, 2661, 3537),(8, 3550, 320, 3870),(9, 7810, 156, 7966),(10, 4011, 3912, 7923),(11, 840, 1186, 2026),(12, 900, 4452, 5352),(13, 278, 6998, 7276),(14, 442, 1114, 1556),(15, 190, 9331, 9521),(16, 201, 7175, 7376),(17, 842, 2650, 3492),(18, 4136, 2330, 6466),(19, 1734, 298, 2032),(20, 651, 5459, 6110),(21, 859, 3209, 4068),(22, 3833, 2265, 6098),(23, 2194, 4887, 7081),(24, 3139, 2937, 6076),(25, 2240, 4548, 6788),(26, 5789, 4102, 9891),(27, 2362, 306, 2668),(28, 1784, 2712, 4496),(29, 2128, 1613, 3741),(30, 151, 9414, 9565),(31, 2412, 1717, 4129),(32, 3681, 376, 4057),(33, 8955, 515, 9470),(34, 3493, 3014, 6507),(35, 1804, 1657, 3461),(36, 3396, 5960, 9356),(37, 3032, 431, 3463),(38, 6811, 3117, 9928),(39, 4508, 4621, 9129),(40, 1785, 4569, 6354),(41, 333, 6022, 6355),(42, 1590, 198, 1788),(43, 3067, 3905, 6972),(44, 9528, 363, 9891),(45, 5493, 402, 5895),(46, 1385, 3749, 5134),(47, 2235, 7445, 9680),(48, 1127, 559, 1686),(49, 64, 5019, 5083),(50, 5142, 41, 5183),(51, 715, 5975, 6690),(52, 7512, 2059, 9571),(53, 522, 334, 856),(54, 8988, 8, 8996),(55, 4552, 1860, 6412),(56, 1880, 707, 2587),(57, 1109, 612, 1721),(58, 5580, 3777, 9357),(59, 206, 2160, 2366),(60, 161, 597, 758),(61, 48, 1581, 1629),(62, 215, 10, 225),(63, 53, 254, 307),(64, 4762, 5050, 9812),(65, 346, 6147, 6493),(66, 3320, 5868, 9188),(67, 5636, 2555, 8191),(68, 808, 1354, 2162),(69, 2409, 6877, 9286),(70, 1515, 632, 2147),(71, 137, 3354, 3491),(72, 1628, 1745, 3373),(73, 5018, 13, 5031),(74, 284, 5820, 6104),(75, 732, 4650, 5382),(76, 106, 420, 526),(77, 2279, 7204, 9483),(78, 1470, 4032, 5502),(79, 3480, 6448, 9928),(80, 2813, 1867, 4680),(81, 733, 4413, 5146),(82, 1016, 170, 1186),(83, 1670, 3833, 5503),(84, 1195, 855, 2050),(85, 2339, 195, 2534),(86, 3864, 3539, 7403),(87, 353, 1361, 1714),(88, 2477, 1173, 3650),(89, 1567, 5726, 7293),(90, 4392, 1997, 6389),(91, 5150, 4224, 9374),(92, 885, 7717, 8602),(93, 7248, 62, 7310),(94, 4945, 956, 5901),(95, 5813, 1682, 7495),(96, 6774, 1579, 8353),(97, 787, 3469, 4256),(98, 860, 20, 880),(99, 2913, 6855, 9768),(100, 870, 1034, 1904),(101, 2936, 1634, 4570),(102, 3518, 4153, 7671),(103, 579, 1997, 2576),(104, 4014, 1594, 5608),(105, 261, 98, 359),(106, 5368, 1222, 6590),(107, 2421, 6609, 9030),(108, 2832, 1397, 4229),(109, 345, 2323, 2668),(110, 55, 665, 720);


INSERT INTO Sponsor(name, phone, email, address) VALUES('Mr. Andrew Arnold III', '215-555-0100', 'chavezjoann@example.org', '376 Roberts Overpass, Valenzuelaview, GU 38840'),('Patricia Brown', '312-555-0176', 'tconrad@example.com', '9300 Deborah Groves, West Michael, NM 28576'),('Nicholas Newton', '415-555-0138', 'marshalljose@example.com', '15279 Justin Mission Suite 644, Davidberg, IL 42924'),('Brittany Ward', '202-555-0183', 'thomasgloria@example.com', '6064 Martha Crossing Apt. 134, Fraziershire, WA 33909'),('Carl Blevins', '303-555-0127', 'suzanne37@example.net', '695 Harris Glen Suite 061, Danachester, NE 37888'),('Michele Johnson', '305-555-0198', 'nbowen@example.org', '54307 Blair Manors Suite 121, Yangburgh, MN 34277'),('Stephen Williams', '212-555-0146', 'garciajulia@example.org', '6704 Christopher Corner Apt. 641, South Stacy, PR 27576'),('Joshua Roberts', '617-555-0159', 'roachmichael@example.net', '226 Jesse Unions, Jacquelineland, NY 25725'),('Gabrielle Wright', '713-555-0112', 'ronald10@example.net', '492 Christopher Roads, Lake Julieborough, PW 66722'),('Frank Ortiz', '818-555-0134', 'glopez@example.com', '19553 Anthony Highway, Samuelfort, AS 11141'),('Kyle Hawkins', '917-555-0168', 'kjohnson@example.org', '582 Deanna Ranch, Perryport, ID 78970'),('Martin Hernandez', '650-555-0193', 'eric76@example.net', '183 Jackson Tunnel, Schmittville, WY 90820'),('Erin Hancock', '804-555-0126', 'chanjennifer@example.net', '555 Reyes Extensions Apt. 955, Jonesbury, MP 91092'),('Elizabeth Maxwell', '847-555-0119', 'masseyeric@example.com', '90603 Jonathan Ridge Suite 827, Lake Jeff, KS 80714'),('Michael Briggs', '305-555-0102', 'clee@example.com', '83610 Denise Crossing Apt. 693, Port Tinachester, WY 56091'),('Thomas Dunlap', '312-555-0137', 'jessedennis@example.com', '11265 Samantha Plaza Suite 351, Popeton, IA 23365'),('Michael Webb', '703-555-0179', 'brandoncole@example.org', '44453 King Harbors, Lake Allison, GA 49139'),('Mrs. Elizabeth Martin', '202-555-0142', 'glassrachel@example.com', '49070 Wood Park, Navarrostad, DE 98540'),('Christine Hogan', '713-555-0166', 'christine27@example.net', '78476 Samantha Skyway, Hugheston, MI 15979'),('Tiffany Gonzalez', '917-555-0187', 'guerrerotaylor@example.net', '5368 William Divide, North Shawn, MO 56184');


INSERT INTO Sponsorship VALUES(24, 1, 3836.74),(51, 1, 5925.73),(52, 2, 7662.66),(86, 2, 316.6),(88, 2, 8328.24),(10, 2, 1399.04),(90, 2, 7330.12),(14, 2, 1577.67),(13, 2, 7248.38),(15, 2, 5846.14),(82, 3, 2876.04),(95, 3, 6771.97),(1, 3, 1998.63),(75, 3, 2704.56),(11, 3, 2357.84),(74, 4, 2118.32),(50, 4, 3235.75),(93, 4, 8157.57),(79, 4, 3720.75),(87, 4, 2908.97),(34, 4, 5485.81),(85, 4, 841.37),(84, 4, 3778.87),(42, 5, 8442.61),(70, 5, 6648.87),(69, 5, 6808.71),(68, 5, 7873.6),(62, 5, 4577.26),(14, 5, 1710.63),(77, 6, 6172.89),(86, 6, 3644.35),(13, 6, 3611.0),(10, 6, 4183.4),(33, 6, 910.3),(20, 6, 1866.75),(85, 6, 5257.57),(80, 6, 4133.6),(56, 6, 8730.2),(67, 6, 7703.75),(9, 6, 6170.69),(30, 6, 1528.01),(50, 6, 7341.76),(39, 6, 159.57),(96, 6, 8006.77),(93, 7, 8416.22),(19, 7, 4686.35),(3, 7, 2799.33),(97, 7, 3635.53),(63, 7, 3559.17),(2, 8, 3954.51),(80, 8, 7303.96),(4, 8, 1554.05),(51, 8, 4567.25),(34, 8, 9556.62),(77, 8, 6374.84),(11, 8, 7432.29),(18, 8, 2853.67),(64, 8, 6899.09),(93, 8, 5728.13),(98, 8, 5074.96),(72, 8, 7052.57),(13, 8, 5497.11),(29, 8, 1694.66),(40, 8, 4513.42),(58, 8, 4657.85),(79, 8, 7387.92),(71, 8, 5701.75),(78, 9, 9127.32),(95, 9, 5121.94),(76, 9, 5782.7),(60, 9, 8219.93),(62, 9, 556.77),(55, 9, 8639.68),(65, 9, 3800.54),(19, 9, 8521.36),(75, 9, 5132.62),(77, 10, 8725.88),(85, 10, 4959.08),(91, 10, 4518.1),(4, 10, 3625.69),(5, 10, 2636.66),(40, 10, 8920.88),(6, 10, 4342.64),(36, 10, 5362.48),(10, 10, 7745.25),(86, 11, 3152.9),(93, 11, 3217.97),(88, 11, 9957.15),(21, 11, 6667.49),(55, 11, 6273.46),(44, 11, 7242.06),(24, 11, 8249.92),(41, 11, 210.79),(64, 11, 8977.41),(12, 11, 2163.64),(30, 11, 1234.7),(68, 11, 8607.67),(57, 11, 4734.71),(5, 11, 991.71),(67, 11, 4003.92),(63, 11, 3147.15),(29, 11, 4852.83),(65, 11, 7815.97),(30, 12, 9571.94),(67, 12, 7710.53),(42, 12, 7074.29),(98, 12, 7629.23),(69, 12, 4357.75),(64, 12, 7076.89),(32, 12, 6766.51),(35, 12, 34.11),(53, 12, 1214.65),(75, 12, 8869.48),(5, 12, 7087.31),(13, 12, 9574.53),(8, 12, 6119.16),(57, 12, 3162.14),(66, 12, 8869.78),(84, 12, 4778.64),(46, 12, 9756.13),(65, 12, 3230.8),(41, 12, 9371.23),(51, 12, 4795.16),(45, 13, 8531.51),(56, 13, 931.68),(33, 13, 4221.37),(90, 13, 4936.32),(18, 13, 1228.21),(38, 13, 337.67),(59, 14, 12.17),(61, 14, 7941.13),(32, 14, 2485.36),(6, 14, 8805.14),(72, 14, 9955.45),(67, 14, 3743.12),(95, 14, 3213.58),(28, 14, 160.5),(18, 14, 3845.8),(42, 14, 1334.39),(94, 14, 1623.8),(30, 14, 3752.61),(19, 14, 845.04),(46, 14, 8888.45),(51, 14, 3642.87),(17, 14, 4039.77),(40, 14, 912.71),(8, 14, 6075.92),(7, 14, 2571.8),(13, 14, 4406.73),(15, 15, 9086.8),(93, 15, 4002.51),(75, 15, 6522.76),(8, 15, 4802.55),(32, 15, 485.77),(91, 15, 4077.02),(29, 15, 1045.53),(27, 15, 8746.06),(89, 15, 4885.24),(41, 15, 8938.75),(5, 15, 5216.58),(52, 15, 4425.57);


INSERT INTO Comments(video_id, user_id, text, commentDate, commentTime, likes, dislikes, sentiment) VALUES(50, 145, 'Whom address team right.', '2016-12-07', NULL, NULL, NULL, 92),(21, 63, 'Prove man deep act employee. Role worker bit instead.', '2019-12-04', NULL, NULL, NULL, 20),(27, 70, 'Data by image.', '1999-07-15', NULL, NULL, NULL, 76),(75, 129, 'Agent commercial sometimes develop away sit could.', '1990-12-16', NULL, NULL, NULL, 81),(46, 5, 'Admit pretty civil treat against. Cover few final treat into house election.', '2008-03-27', NULL, NULL, NULL, 7),(54, 179, 'Ever night leave house the. Try glass option task.', '1994-07-03', NULL, NULL, NULL, 27),(43, 45, 'Role break onto apply final owner. Oil inside much.', '2021-03-31', NULL, NULL, NULL, 44),(18, 141, 'Senior yourself mean chance attack official see.', '2002-08-05', NULL, NULL, NULL, 86),(77, 136, 'Trade southern identify drive fish campaign their.', '2002-08-05', NULL, NULL, NULL, 35),(76, 85, 'Thus news participant power movie.', '1990-02-20', NULL, NULL, NULL, 51),(46, 168, 'Candidate recent together station south such.', '1973-10-10', NULL, NULL, NULL, 24),(37, 130, 'Grow discuss there because join material during.', '1986-09-04', NULL, NULL, NULL, 40),(72, 82, 'Together brother effort have.', '2022-03-30', NULL, NULL, NULL, 99),(100, 168, 'According five door popular house listen bed. Party job spring body room.', '2011-01-28', NULL, NULL, NULL, 2),(34, 161, 'Maybe always trade financial.', '1987-04-11', NULL, NULL, NULL, 6),(21, 104, 'Military step often plan news somebody.', '2018-03-18', NULL, NULL, NULL, 93),(36, 39, 'Else floor boy site new drop book. Remember maintain candidate you.', '1983-04-14', NULL, NULL, NULL, 96),(74, 33, 'Shake bag institution family goal. Begin vote decade present figure statement.', '1973-05-11', NULL, NULL, NULL, 2),(75, 139, 'Art offer president owner per. Poor upon put.', '1981-06-03', NULL, NULL, NULL, 2),(79, 68, 'Industry wrong cover occur.', '1999-03-15', NULL, NULL, NULL, 98),(88, 26, 'Activity everything charge wear general so that. Civil yard moment speak.', '2006-06-19', NULL, NULL, NULL, 64),(99, 15, 'Century think like nothing support.', '2013-06-11', NULL, NULL, NULL, 41),(95, 15, 'Close air include fire.', '1975-01-21', NULL, NULL, NULL, 51),(85, 114, 'They beat message heart.', '2007-09-23', NULL, NULL, NULL, 90),(17, 183, 'Technology government cultural agreement. Concern arm whose education because.', '2013-01-14', NULL, NULL, NULL, 66),(36, 55, 'Politics pass note political similar another. Reason better source ball.', '2002-12-05', NULL, NULL, NULL, 11),(77, 108, 'Various after west particular.', '1973-07-15', NULL, NULL, NULL, 27),(104, 100, 'Avoid direction let there candidate just. Small establish could hundred.', '1974-07-07', NULL, NULL, NULL, 19),(46, 26, 'Participant for country manager.', '1999-11-17', NULL, NULL, NULL, 60),(84, 195, 'Man yard call you hope. Cost near traditional talk however admit over.', '1990-05-29', NULL, NULL, NULL, 35),(37, 24, 'Major later street truth somebody.', '2002-12-19', NULL, NULL, NULL, 15),(63, 183, 'Strategy pretty majority modern since.', '1984-08-31', NULL, NULL, NULL, 78),(20, 97, 'Set current else total author tough. Southern project sea physical with.', '1976-05-25', NULL, NULL, NULL, 86),(84, 39, 'Personal support yourself responsibility. Certainly feel bill above police front establish.', '2009-02-04', NULL, NULL, NULL, 88),(13, 37, 'Though cause sure. Small serious feeling area between vote business want.', '1992-03-13', NULL, NULL, NULL, 74),(53, 88, 'Doctor fight just make. Rule pull fish site.', '2007-07-16', NULL, NULL, NULL, 68),(52, 22, 'Writer could national size.', '2015-04-20', NULL, NULL, NULL, 63),(21, 150, 'Only easy relate name free. Cell office place item listen husband must listen.', '1981-09-05', NULL, NULL, NULL, 82),(34, 43, 'Eye new show goal issue cell painting task. Forward share cup reason anyone.', '1981-09-19', NULL, NULL, NULL, 93),(102, 165, 'Throw far young do know throughout capital.', '2001-07-13', NULL, NULL, NULL, 97),(99, 152, 'Tax pretty point environment.', '1979-06-17', NULL, NULL, NULL, 55),(88, 136, 'Cause tonight prevent area drug carry great arrive.', '1993-01-04', NULL, NULL, NULL, 21),(105, 67, 'Data style ok card center usually.', '2000-10-10', NULL, NULL, NULL, 73),(95, 48, 'Reason role model stuff see necessary bag.', '1990-05-16', NULL, NULL, NULL, 59),(35, 157, 'Whole question share effect.', '1983-09-23', NULL, NULL, NULL, 46),(25, 117, 'Trouble friend able only concern mind seek friend.', '1986-10-12', NULL, NULL, NULL, 14),(50, 58, 'Control establish perhaps again source think couple. Probably loss top quite product how none know.', '1991-10-05', NULL, NULL, NULL, 73),(15, 12, 'It meet upon data quickly interview.', '2001-07-19', NULL, NULL, NULL, 61),(108, 2, 'Seem Republican lawyer against threat tonight. Machine current billion bill bad court section.', '2000-08-31', NULL, NULL, NULL, 82),(25, 197, 'To set stock east policy listen. General school suddenly would.', '2017-12-11', NULL, NULL, NULL, 77),(84, 102, 'Current employee put manage.', '2008-11-19', NULL, NULL, NULL, 13),(15, 135, 'Throw help claim off.', '2010-10-28', NULL, NULL, NULL, 8),(12, 115, 'Executive responsibility your no show boy something. Culture hotel audience walk type.', '1987-06-20', NULL, NULL, NULL, 69),(38, 121, 'Field capital human player maybe across generation.', '1991-06-10', NULL, NULL, NULL, 92),(74, 54, 'Girl wife about. Traditional tonight thus energy treatment open enough important.', '1975-01-29', NULL, NULL, NULL, 36),(45, 111, 'Call place side. Force nice interest.', '2002-06-23', NULL, NULL, NULL, 22),(89, 128, 'Dog image treat. Deep material deal shake summer government.', '2022-11-22', NULL, NULL, NULL, 15),(30, 38, 'Yard center final easy.', '1973-07-16', NULL, NULL, NULL, 88),(21, 195, 'Difficult receive war southern but place action.', '1974-07-22', NULL, NULL, NULL, 28),(62, 84, 'Make able one big. Public wonder society father three single.', '1988-01-07', NULL, NULL, NULL, 44),(100, 124, 'We energy where pull pick. Address build it local realize if.', '2005-12-30', NULL, NULL, NULL, 55),(49, 147, 'Opportunity follow include south box line heart nearly. Third traditional professional ask fight force history.', '2000-03-15', NULL, NULL, NULL, 48),(69, 26, 'Son he scientist list.', '1995-04-13', NULL, NULL, NULL, 96),(50, 85, 'Trial final stage early drop budget gas.', '1974-07-25', NULL, NULL, NULL, 97),(101, 158, 'Explain draw dinner two hand south. Lay worry manager simple.', '1984-05-04', NULL, NULL, NULL, 54),(10, 46, 'Area culture the all across. Reveal great show collection may nice ahead.', '1976-06-22', NULL, NULL, NULL, 88),(86, 40, 'Generation floor build machine let actually. Cut we remember agency look hand blue.', '2007-11-21', NULL, NULL, NULL, 8),(53, 18, 'Also white station like go. We century bit wait state number so nice.', '1976-09-03', NULL, NULL, NULL, 62),(88, 30, 'Citizen amount allow be either.', '1980-12-20', NULL, NULL, NULL, 50),(59, 3, 'Wait ask available join green environment.', '1999-11-23', NULL, NULL, NULL, 13),(47, 30, 'Organization build begin value leader ever. Song measure beat move.', '2016-04-28', NULL, NULL, NULL, 61),(31, 24, 'Hour group radio third office.', '1987-08-17', NULL, NULL, NULL, 36),(108, 64, 'Several future reduce us from.', '2012-05-22', NULL, NULL, NULL, 30),(23, 59, 'Face nice somebody baby audience first quite pick.', '1977-05-23', NULL, NULL, NULL, 81),(109, 134, 'Education word respond he under. Various author color fact near available single.', '2015-02-28', NULL, NULL, NULL, 30),(71, 177, 'Bag dog affect.', '1971-07-04', NULL, NULL, NULL, 34),(50, 52, 'Still sing near kid air the government. Ahead production partner identify look feeling.', '2010-12-15', NULL, NULL, NULL, 83),(86, 108, 'Industry ability fund positive free example. Garden step involve while pull mouth.', '1986-11-19', NULL, NULL, NULL, 14),(30, 103, 'Respond safe exactly company my. Much majority cost consider pass.', '2013-10-20', NULL, NULL, NULL, 8),(101, 175, 'Memory view close citizen forward.', '1974-12-22', NULL, NULL, NULL, 84),(72, 90, 'Movement share morning official hard accept strong. Line behind decide.', '1986-03-28', NULL, NULL, NULL, 95),(101, 77, 'Fast environmental whom morning city.', '1979-01-28', NULL, NULL, NULL, 79),(33, 143, 'Doctor free and cell. Fast better close minute point.', '1992-09-20', NULL, NULL, NULL, 23),(11, 59, 'Treat indeed age new amount hospital.', '1980-04-01', NULL, NULL, NULL, 25),(58, 14, 'Glass tax type year wind mind. We one hot which thought.', '1975-08-03', NULL, NULL, NULL, 89),(10, 103, 'Democrat like name trouble summer pay game note.', '1984-01-09', NULL, NULL, NULL, 44),(37, 73, 'Tell sometimes read meet several.', '1974-07-20', NULL, NULL, NULL, 90),(52, 74, 'Smile course people available. Usually throw wish attack themselves whole education.', '1984-09-09', NULL, NULL, NULL, 49),(107, 32, 'Role loss foreign why various some development.', '1974-08-26', NULL, NULL, NULL, 42),(25, 198, 'Professional he response will card figure throughout.', '2018-12-01', NULL, NULL, NULL, 55),(63, 17, 'Performance road yet season like all.', '1976-12-02', NULL, NULL, NULL, 26),(21, 158, 'Detail affect option middle room carry include. Difference product today million late.', '1993-10-17', NULL, NULL, NULL, 46),(32, 146, 'Fear window benefit conference represent believe. Season artist still themselves meet such.', '2001-10-18', NULL, NULL, NULL, 65),(26, 114, 'Trial center government card face.', '1975-12-07', NULL, NULL, NULL, 64),(77, 24, 'Here group southern start.', '2021-07-11', NULL, NULL, NULL, 86),(62, 120, 'Lot must inside rule billion back.', '2007-10-30', NULL, NULL, NULL, 29),(10, 118, 'Two court agent toward physical chance manage never. Authority prove draw she economy great go.', '1976-08-12', NULL, NULL, NULL, 31),(38, 79, 'Window everything reduce single letter camera.', '1994-02-04', NULL, NULL, NULL, 17),(97, 37, 'Two treat couple performance choose officer run do.', '2017-02-17', NULL, NULL, NULL, 83),(51, 130, 'Option draw student oil case. Spend political wife deep baby produce Congress.', '2022-10-03', NULL, NULL, NULL, 73),(104, 30, 'Upon movement dog production behavior trade media.', '1992-01-10', NULL, NULL, NULL, 80),(55, 190, 'Not region second crime environmental.', '2017-07-07', NULL, NULL, NULL, 42),(72, 90, 'American tree history baby oil appear line.', '1983-04-16', NULL, NULL, NULL, 82),(38, 67, 'Treatment way chance herself thought cup hair.', '1989-10-31', NULL, NULL, NULL, 58),(56, 140, 'Generation probably spend suffer own line color. Single difference stuff star dog.', '1984-09-01', NULL, NULL, NULL, 2),(46, 155, 'Add through name capital nation space nor.', '1989-09-29', NULL, NULL, NULL, 65),(14, 197, 'Like stop yes rich note. Safe interest describe century.', '1986-07-27', NULL, NULL, NULL, 50),(94, 174, 'Protect really short discuss left appear social green. Day fast say total.', '2010-08-23', NULL, NULL, NULL, 83),(88, 4, 'Ready nearly test executive several media fast.', '1985-07-06', NULL, NULL, NULL, 80),(12, 164, 'Laugh fill treat card. Attorney age trial Mrs.', '1985-10-28', NULL, NULL, NULL, 5),(101, 71, 'Treatment recognize dark exist over.', '2013-10-22', NULL, NULL, NULL, 61),(38, 42, 'East suddenly step test together.', '1985-07-19', NULL, NULL, NULL, 88),(31, 12, 'Hot relate television simple call necessary should. Whether consider act bring hotel new low.', '1995-04-08', NULL, NULL, NULL, 45),(100, 69, 'Play and audience nature consumer city his system.', '1995-07-18', NULL, NULL, NULL, 56),(33, 58, 'Board wear society above old. Finally job significant your beautiful clearly apply can.', '1978-06-02', NULL, NULL, NULL, 39),(105, 60, 'Bar police future certainly quickly. Quickly industry feel machine evening day.', '1978-07-20', NULL, NULL, NULL, 57),(80, 38, 'Such control during several sport without him.', '2007-11-02', NULL, NULL, NULL, 13),(69, 21, 'It record each threat option.', '2023-01-22', NULL, NULL, NULL, 70),(29, 11, 'Than already degree my recently truth.', '1986-09-06', NULL, NULL, NULL, 77),(30, 31, 'Soon low century citizen.', '2005-09-26', NULL, NULL, NULL, 100),(38, 96, 'Relate chair since blood exactly themselves rock. Stuff play movement against onto.', '1976-03-15', NULL, NULL, NULL, 66),(49, 25, 'Choose such pattern door else. School exactly white not since.', '1985-02-04', NULL, NULL, NULL, 13),(38, 166, 'Discover pay range six test.', '1996-02-12', NULL, NULL, NULL, 82),(24, 7, 'Develop whatever window. Move expert care several open example bank local.', '1987-06-09', NULL, NULL, NULL, 42),(61, 147, 'Gas too parent power trial.', '1977-03-20', NULL, NULL, NULL, 59),(60, 150, 'Claim job so this guess financial natural.', '1973-07-25', NULL, NULL, NULL, 75),(71, 80, 'Baby lose kid from the white. Organization challenge there almost social.', '1991-11-28', NULL, NULL, NULL, 96),(101, 20, 'Phone hold eight employee behavior sense against speech.', '1976-10-08', NULL, NULL, NULL, 14),(45, 180, 'Region blood score example modern offer education.', '1984-10-12', NULL, NULL, NULL, 4),(100, 88, 'Expert reality free future attention action how.', '1976-04-16', NULL, NULL, NULL, 65),(55, 43, 'From may many light both. Develop song life low fear recognize data.', '1981-08-31', NULL, NULL, NULL, 19),(38, 163, 'Site wind election reduce of difference. Start their contain test professor necessary.', '2018-11-06', NULL, NULL, NULL, 63),(85, 19, 'Movement lawyer form hit human any.', '1987-08-31', NULL, NULL, NULL, 54),(65, 151, 'Reveal high recent. Care memory score until list their.', '2012-07-25', NULL, NULL, NULL, 44),(42, 34, 'Big skin nation how term subject tonight mouth.', '1998-02-06', NULL, NULL, NULL, 0),(38, 8, 'Expect again view fact heart. Establish within single state.', '1973-08-21', NULL, NULL, NULL, 9),(89, 116, 'Offer experience television go they laugh rate.', '1973-03-19', NULL, NULL, NULL, 72),(96, 88, 'Air walk behavior water partner strategy entire. Information support carry group owner process.', '2012-08-25', NULL, NULL, NULL, 6),(92, 63, 'Deep free mission other some within conference.', '1974-05-16', NULL, NULL, NULL, 61),(18, 72, 'You under suggest article. Weight standard choose stuff table remember line.', '1976-02-27', NULL, NULL, NULL, 62),(52, 157, 'Around wish thank make school head those show. Ball practice police toward present and apply.', '2021-06-24', NULL, NULL, NULL, 80),(84, 60, 'None different without thus.', '2018-09-10', NULL, NULL, NULL, 6),(39, 188, 'Recently certain figure knowledge himself run next push.', '2021-08-02', NULL, NULL, NULL, 58),(65, 113, 'Husband statement compare. Cell kitchen history theory and wish.', '1992-03-13', NULL, NULL, NULL, 84),(96, 22, 'There local everyone family authority. Green later discover want development build.', '1981-07-21', NULL, NULL, NULL, 22),(89, 32, 'Practice race successful morning.', '1982-12-01', NULL, NULL, NULL, 10),(96, 3, 'Land special perhaps.', '2001-07-30', NULL, NULL, NULL, 92),(64, 120, 'Who mean store maintain thought suddenly political. Staff air American.', '2013-06-17', NULL, NULL, NULL, 32),(25, 39, 'Behind fish sport. Trial up it describe woman night.', '2004-02-10', NULL, NULL, NULL, 44),(67, 152, 'Movement else and end glass.', '2019-08-01', NULL, NULL, NULL, 25),(29, 56, 'Success meeting current operation. Reach family discover charge sort popular.', '2015-12-08', NULL, NULL, NULL, 45),(67, 81, 'Building ever people name three bad least future. On personal win human summer.', '1999-02-21', NULL, NULL, NULL, 57),(109, 184, 'Card blood data situation activity.', '2019-06-25', NULL, NULL, NULL, 50),(59, 176, 'Set owner cell leave century. Heart available general statement management discover even level.', '2009-08-15', NULL, NULL, NULL, 89),(38, 148, 'Do away full long. Condition member growth recognize rest even.', '1978-01-13', NULL, NULL, NULL, 5),(14, 48, 'Hundred develop everyone my similar.', '1972-12-29', NULL, NULL, NULL, 42),(53, 78, 'Case month until carry use quickly.', '1983-09-03', NULL, NULL, NULL, 46),(82, 71, 'Senior focus according during of choose. Program either off able woman.', '2004-07-22', NULL, NULL, NULL, 33),(22, 145, 'Fire act word out hand. Center call piece charge former.', '2022-01-04', NULL, NULL, NULL, 80),(40, 57, 'Traditional report weight bar great change probably on.', '2005-01-29', NULL, NULL, NULL, 58),(27, 73, 'Significant appear instead program car how. Couple rest part focus few soon.', '1979-12-24', NULL, NULL, NULL, 71),(17, 6, 'How ready anything everything factor plant process skill. Easy cultural read field night.', '1981-03-28', NULL, NULL, NULL, 64),(70, 115, 'Everything senior box ask deep glass condition concern. Charge six raise theory in.', '2019-02-24', NULL, NULL, NULL, 81),(88, 99, 'Data wide effort difference own most as defense. Usually statement anyone sort doctor heavy.', '2021-05-31', NULL, NULL, NULL, 35),(81, 187, 'See past final push hand management occur.', '1985-12-06', NULL, NULL, NULL, 23),(38, 110, 'Peace around seek. Activity reveal perhaps fact respond development.', '1999-11-13', NULL, NULL, NULL, 79),(77, 141, 'Congress energy music determine. Simple operation citizen her admit guess.', '1982-04-07', NULL, NULL, NULL, 18),(93, 91, 'Join list which well dinner simple. Some maintain personal property democratic some.', '1999-07-05', NULL, NULL, NULL, 76),(22, 79, 'Beyond step thousand clearly former mention ago.', '2007-11-27', NULL, NULL, NULL, 68),(33, 148, 'Street should seek third establish method team. Finally down public.', '1979-05-06', NULL, NULL, NULL, 37),(75, 71, 'Follow piece someone into find sign. Occur her response happy evidence sort.', '1990-10-14', NULL, NULL, NULL, 57),(42, 150, 'Less religious attention trial just. Computer clear bank public well quickly ground.', '2011-11-22', NULL, NULL, NULL, 90),(54, 101, 'Lose standard quality sing hear religious.', '2003-02-28', NULL, NULL, NULL, 66),(26, 82, 'Maintain mention impact enough budget necessary improve.', '1970-05-15', NULL, NULL, NULL, 97),(92, 150, 'As option bar book.', '2012-06-27', NULL, NULL, NULL, 4),(40, 174, 'South yet role job look. Technology learn form bad beat spend.', '2012-02-15', NULL, NULL, NULL, 18),(80, 4, 'Body low cost dog yes. Him involve feel specific.', '1970-10-12', NULL, NULL, NULL, 45),(10, 58, 'Piece manager suddenly team number. These season card political send degree lose.', '1991-05-27', NULL, NULL, NULL, 63),(103, 151, 'Keep continue attack want school certainly.', '1990-03-29', NULL, NULL, NULL, 55),(29, 12, 'Center thing lead too care more ask. Turn major any course out certain.', '1991-03-16', NULL, NULL, NULL, 9),(12, 186, 'Shoulder floor each.', '1999-03-05', NULL, NULL, NULL, 89),(59, 161, 'Chair well similar religious imagine remember. If beyond wish whole summer.', '2012-03-31', NULL, NULL, NULL, 24),(107, 2, 'Structure hair drug bag kid various executive.', '1981-09-15', NULL, NULL, NULL, 23),(52, 107, 'So analysis meeting tell.', '1985-07-28', NULL, NULL, NULL, 43),(68, 108, 'Agree future itself material best foreign. Recently remain adult half quickly year.', '1998-10-25', NULL, NULL, NULL, 69),(60, 125, 'Direction fill idea exist.', '2003-08-01', NULL, NULL, NULL, 75),(51, 92, 'Quickly executive hit wide.', '2015-12-14', NULL, NULL, NULL, 35),(94, 38, 'Performance will state inside none. Major sport thing reflect particularly space few.', '2007-07-31', NULL, NULL, NULL, 78),(88, 41, 'Group decade stage large people choose.', '2012-05-16', NULL, NULL, NULL, 53),(79, 52, 'Yet claim on some commercial born imagine. Again increase reality turn gun open.', '2004-08-18', NULL, NULL, NULL, 2),(35, 169, 'Establish use though newspaper lot back.', '2008-05-02', NULL, NULL, NULL, 46),(40, 61, 'Plan glass rule specific always see.', '2016-01-28', NULL, NULL, NULL, 26),(20, 99, 'Old who data rest throw fund hospital.', '1973-04-14', NULL, NULL, NULL, 77),(32, 107, 'Believe full leader her page put his.', '1980-10-15', NULL, NULL, NULL, 60),(10, 179, 'Fill vote pressure into notice. Her every against subject.', '2008-02-12', NULL, NULL, NULL, 83),(53, 137, 'Former leader economic night risk lay sense.', '1970-01-16', NULL, NULL, NULL, 13),(84, 92, 'Form good account yet.', '1995-02-04', NULL, NULL, NULL, 22),(68, 87, 'Particular boy available she win responsibility fall common.', '2009-10-17', NULL, NULL, NULL, 27),(11, 118, 'Official far follow identify scientist notice. Drop speak item style.', '2005-01-29', NULL, NULL, NULL, 100),(74, 68, 'Successful their knowledge at.', '1984-08-04', NULL, NULL, NULL, 38),(100, 5, 'Discuss hotel product thank. Money task question hit should out course.', '1970-04-16', NULL, NULL, NULL, 30),(100, 6, 'Amount seek everybody hard me section. Idea race participant worker beautiful.', '1981-04-23', NULL, NULL, NULL, 37),(100, 127, 'Store officer public meet right prove expect live.', '1981-06-02', NULL, NULL, NULL, 73),(100, 17, 'Once hope sure church.', '2004-03-24', NULL, NULL, NULL, 16),(100, 74, 'Cover voice if see. Practice long stop station.', '2009-11-07', NULL, NULL, NULL, 89),(102, 144, 'Letter job when development. West draw federal oil science deal.', '2023-02-23', NULL, NULL, NULL, 65),(101, 162, 'Party your cause thus along likely.', '2007-02-22', NULL, NULL, NULL, 76),(101, 69, 'Start edge against realize want. Character art two decision serious hope from.', '1975-08-28', NULL, NULL, NULL, 73),(101, 125, 'The sound accept section road health.', '1979-03-12', NULL, NULL, NULL, 83),(102, 112, 'Artist the she energy make home red. Region power discover agent respond western.', '1991-11-16', NULL, NULL, NULL, 79),(102, 27, 'Parent event remember fine.', '1997-10-20', NULL, NULL, NULL, 66),(101, 157, 'Sit lot behavior executive. Almost no those game forget sister.', '2006-03-30', NULL, NULL, NULL, 42),(100, 172, 'Fine improve sea oil. Mother recent determine chair expect former finish.', '1988-11-16', NULL, NULL, NULL, 4),(100, 165, 'Garden organization news meeting stop question. More work cold director feel.', '1991-11-29', NULL, NULL, NULL, 87),(101, 176, 'Best commercial most tough loss research.', '2013-01-04', NULL, NULL, NULL, 43),(102, 156, 'Base politics one.', '2016-08-30', NULL, NULL, NULL, 79),(101, 196, 'Each activity apply phone second until. Person upon meeting budget.', '1976-02-20', NULL, NULL, NULL, 86),(100, 125, 'Result out involve exist woman.', '2018-09-27', NULL, NULL, NULL, 17),(102, 91, 'Somebody information station by science it. Somebody bit firm develop water down eye.', '1971-01-13', NULL, NULL, NULL, 83),(102, 120, 'Sit life physical city individual enter.', '1980-11-15', NULL, NULL, NULL, 40),(102, 76, 'Son work understand career west. Evening the Mrs church.', '2005-07-15', NULL, NULL, NULL, 96),(102, 49, 'Discover anything treat into fish thousand school.', '2006-07-31', NULL, NULL, NULL, 63),(102, 181, 'East house thank truth sea product.', '2007-08-12', NULL, NULL, NULL, 72),(101, 188, 'Probably father guess race news the. Less remain serious morning.', '2021-06-14', NULL, NULL, NULL, 77),(100, 116, 'Concern both price network along people red.', '2017-07-21', NULL, NULL, NULL, 8),(102, 60, 'Simply certainly stop avoid speech past safe.', '2022-07-14', NULL, NULL, NULL, 46),(100, 164, 'Owner feel collection.', '2006-01-28', NULL, NULL, NULL, 53),(101, 136, 'Skill organization modern man one might business.', '2014-03-29', NULL, NULL, NULL, 82),(100, 27, 'Administration worry total these skin who data mouth.', '1970-09-10', NULL, NULL, NULL, 100),(102, 61, 'Kid chance respond off quality support network coach. Cup list care with less add.', '2006-10-28', NULL, NULL, NULL, 34);


INSERT INTO Subscription VALUES('PAID', 1, 15),('PAID', 3, 20),('PAID', 4, 19),('PAID', 5, 5),('PAID', 6, 12),('PAID', 7, 9),('PAID', 8, 21),('PAID', 9, 6),('PAID', 10, 23),('PAID', 11, 2),('PAID', 13, 10),('PAID', 14, 16),('PAID', 15, 24),('PAID', 16, 23),('PAID', 19, 1),('PAID', 20, 3),('PAID', 21, 4),('PAID', 22, 14),('PAID', 23, 11),('PAID', 24, 14),('PAID', 25, 23),('PAID', 26, 10),('PAID', 27, 8),('PAID', 29, 16),('PAID', 30, 17),('PAID', 31, 20),('PAID', 33, 8),('PAID', 35, 25),('PAID', 36, 19),('PAID', 37, 17),('PAID', 38, 25),('PAID', 39, 23),('PAID', 40, 9),('PAID', 42, 4),('PAID', 43, 15),('PAID', 44, 8),('PAID', 45, 15),('PAID', 46, 18),('PAID', 47, 15),('PAID', 48, 7),('PAID', 50, 25),('PAID', 51, 16),('PAID', 53, 21),('PAID', 55, 4),('PAID', 56, 11),('PAID', 57, 17),('PAID', 58, 4),('PAID', 59, 10),('PAID', 60, 24),('PAID', 61, 25),('PAID', 63, 7),('PAID', 64, 23),('PAID', 65, 5),('PAID', 66, 10),('PAID', 67, 15),('PAID', 68, 7),('PAID', 69, 14),('PAID', 70, 10),('PAID', 72, 8),('PAID', 73, 23),('PAID', 74, 20),('PAID', 75, 5),('PAID', 76, 18),('PAID', 77, 7),('PAID', 78, 16),('PAID', 79, 10),('PAID', 80, 6),('PAID', 81, 11),('PAID', 82, 9),('PAID', 83, 8),('PAID', 84, 21),('PAID', 86, 25),('PAID', 87, 22),('PAID', 89, 2),('PAID', 91, 17),('PAID', 92, 4),('PAID', 93, 24),('PAID', 95, 10),('PAID', 97, 18),('PAID', 99, 15),('FREE', 128, 43),('FREE', 129, 45),('FREE', 131, 32),('FREE', 132, 46),('FREE', 135, 43),('FREE', 136, 29),('FREE', 139, 45),('FREE', 141, 31),('FREE', 142, 45),('FREE', 143, 32),('FREE', 144, 39),('FREE', 145, 27),('FREE', 146, 48),('FREE', 148, 27),('FREE', 153, 45),('FREE', 155, 28),('FREE', 159, 36),('FREE', 160, 29),('FREE', 162, 33),('FREE', 163, 46),('FREE', 167, 26),('FREE', 169, 38),('FREE', 171, 46),('FREE', 172, 31),('FREE', 173, 48),('FREE', 174, 30),('FREE', 175, 45),('FREE', 177, 26),('FREE', 180, 36),('FREE', 181, 46),('FREE', 182, 27),('FREE', 183, 32),('FREE', 185, 28),('FREE', 186, 41),('FREE', 187, 36),('FREE', 189, 40),('FREE', 190, 42),('FREE', 191, 47),('FREE', 193, 37),('FREE', 195, 39),('FREE', 197, 26),('FREE', 101, 33),('FREE', 103, 44),('FREE', 104, 37),('FREE', 105, 29),('FREE', 107, 43),('FREE', 108, 34),('FREE', 109, 43),('FREE', 110, 45),('FREE', 111, 31),('FREE', 112, 45),('FREE', 113, 48),('FREE', 115, 35),('FREE', 117, 35),('FREE', 119, 45),('FREE', 121, 41),('FREE', 122, 41),('FREE', 124, 42),('FREE', 126, 27),('FREE', 127, 47),('PAID', 198, 52),('PAID', 36, 51),('PAID', 80, 52),('PAID', 127, 52),('PAID', 149, 52),('PAID', 52, 53),('PAID', 142, 51),('PAID', 2, 52),('PAID', 171, 53),('PAID', 130, 52),('PAID', 25, 54),('PAID', 150, 53),('PAID', 178, 51),('PAID', 86, 51),('PAID', 113, 52),('PAID', 108, 52),('PAID', 22, 51),('PAID', 31, 54),('PAID', 129, 53),('PAID', 184, 52),('PAID', 173, 53),('PAID', 95, 52),('PAID', 89, 54),('PAID', 85, 52),('PAID', 5, 52),('PAID', 49, 51),('PAID', 18, 51),('PAID', 135, 51),('PAID', 33, 52),('PAID', 11, 54),('PAID', 196, 52),('PAID', 176, 51),('PAID', 12, 52),('PAID', 132, 52),('PAID', 100, 54),('PAID', 76, 52),('PAID', 183, 53),('PAID', 197, 52),('PAID', 124, 51),('PAID', 82, 54),('PAID', 92, 52),('PAID', 43, 53),('PAID', 88, 53),('PAID', 35, 52),('PAID', 94, 54),('PAID', 157, 52),('PAID', 93, 54),('PAID', 102, 54),('PAID', 67, 51),('PAID', 158, 53),('PAID', 54, 54),('PAID', 7, 52),('PAID', 187, 53),('PAID', 3, 51),('PAID', 19, 53),('PAID', 79, 52),('PAID', 65, 51),('PAID', 177, 53),('PAID', 136, 54),('PAID', 34, 52),('PAID', 90, 53),('PAID', 162, 54),('PAID', 169, 53),('PAID', 39, 52),('PAID', 99, 53),('PAID', 41, 54),('PAID', 166, 54),('PAID', 45, 53),('PAID', 172, 54),('PAID', 10, 54),('PAID', 181, 52),('PAID', 51, 51),('PAID', 115, 54),('PAID', 8, 51),('PAID', 56, 53),('PAID', 164, 51),('PAID', 77, 53),('PAID', 144, 53),('PAID', 73, 51),('PAID', 13, 51),('PAID', 139, 54),('PAID', 121, 51),('PAID', 97, 52),('PAID', 131, 51),('PAID', 123, 52),('PAID', 180, 51),('PAID', 23, 54),('PAID', 24, 54),('PAID', 174, 51),('PAID', 68, 54),('PAID', 15, 52),('PAID', 38, 53),('PAID', 81, 52),('PAID', 42, 51),('PAID', 44, 53),('PAID', 55, 52),('PAID', 138, 54),('PAID', 101, 52),('PAID', 117, 54),('PAID', 193, 54),('PAID', 91, 54),('PAID', 26, 52),('PAID', 105, 53),('PAID', 188, 54),('PAID', 159, 51),('PAID', 180, 55),('PAID', 56, 55),('PAID', 128, 55),('PAID', 160, 55),('PAID', 77, 55),('PAID', 141, 55),('PAID', 174, 55),('PAID', 17, 55),('PAID', 35, 55),('PAID', 167, 55),('PAID', 134, 55),('PAID', 102, 55),('PAID', 55, 55),('PAID', 2, 55),('PAID', 186, 55),('PAID', 115, 55),('PAID', 6, 55),('PAID', 179, 55),('PAID', 183, 55),('PAID', 74, 55),('PAID', 120, 55),('PAID', 150, 55),('PAID', 96, 55),('PAID', 46, 55),('PAID', 71, 55),('PAID', 79, 55),('PAID', 148, 55),('PAID', 123, 55),('PAID', 26, 55),('PAID', 170, 55),('PAID', 184, 55),('PAID', 84, 55),('PAID', 85, 55),('PAID', 173, 55),('PAID', 28, 55),('PAID', 36, 55),('PAID', 34, 55),('PAID', 105, 55),('PAID', 107, 55),('PAID', 153, 55),('PAID', 117, 55),('PAID', 94, 55),('PAID', 135, 55),('PAID', 116, 55),('PAID', 185, 55),('PAID', 166, 55),('PAID', 39, 55),('PAID', 188, 55),('PAID', 131, 55),('PAID', 16, 55),('PAID', 169, 55),('PAID', 59, 55),('PAID', 88, 55),('PAID', 93, 55),('PAID', 146, 55),('PAID', 43, 55),('PAID', 198, 55),('PAID', 49, 55),('PAID', 112, 55),('PAID', 57, 55),('PAID', 158, 55),('PAID', 63, 55),('PAID', 18, 55),('PAID', 95, 55),('PAID', 142, 55),('PAID', 113, 55),('PAID', 118, 55),('PAID', 109, 55),('PAID', 66, 55),('PAID', 101, 55),('PAID', 152, 55),('PAID', 165, 55),('PAID', 41, 55),('PAID', 145, 55),('PAID', 182, 55),('PAID', 50, 55),('PAID', 83, 55),('PAID', 30, 55),('PAID', 121, 55),('PAID', 122, 55),('PAID', 22, 55),('PAID', 29, 55),('PAID', 7, 55),('PAID', 181, 55),('PAID', 70, 55),('PAID', 175, 55),('PAID', 14, 55),('PAID', 151, 55),('PAID', 200, 55),('PAID', 21, 55),('PAID', 9, 55),('PAID', 132, 55),('PAID', 137, 55),('PAID', 193, 55),('PAID', 53, 55),('PAID', 191, 55),('PAID', 139, 55),('PAID', 37, 55),('PAID', 99, 55),('PAID', 40, 55),('PAID', 190, 55),('FREE', 155, 55),('FREE', 156, 55),('FREE', 168, 55),('FREE', 187, 55),('FREE', 192, 55);


INSERT INTO Information VALUES(10, 'News'),(89, 'News'),(79, 'News'),(80, 'News'),(64, 'News'),(93, 'News'),(86, 'News'),(96, 'News'),(69, 'News'),(54, 'News'),(75, 'Academic'),(91, 'Academic'),(18, 'Academic'),(65, 'Academic'),(36, 'Academic'),(77, 'Academic'),(19, 'Academic'),(46, 'Academic'),(58, 'Academic'),(73, 'Academic'),(50, 'Academic'),(55, 'Academic'),(99, 'Academic'),(74, 'Academic'),(9, 'Academic'),(4, 'Academic'),(26, 'Academic'),(10, 'Academic'),(32, 'Academic'),(28, 'Academic'),(8, 'How-To'),(3, 'How-To'),(20, 'How-To'),(40, 'How-To'),(53, 'How-To'),(94, 'Tech Reviews'),(93, 'Tech Reviews'),(49, 'Tech Reviews'),(20, 'Tech Reviews'),(66, 'Tech Reviews'),(26, 'Tech Reviews'),(90, 'Tech Reviews'),(22, 'Tech Reviews'),(65, 'Tech Reviews'),(69, 'Tech Reviews'),(10, 'Tech Reviews'),(86, 'Tech Reviews'),(25, 'Tech Reviews'),(12, 'Tech Reviews'),(79, 'Tech Reviews'),(24, 'Finance'),(32, 'Finance'),(2, 'Finance'),(20, 'Finance'),(38, 'Finance'),(97, 'Finance'),(22, 'Finance'),(40, 'Finance'),(23, 'Finance'),(88, 'Finance'),(10, 'Self-Improvement'),(64, 'Self-Improvement'),(93, 'Self-Improvement'),(96, 'Self-Improvement'),(36, 'Self-Improvement'),(39, 'Self-Improvement'),(40, 'Self-Improvement'),(25, 'Self-Improvement'),(65, 'Self-Improvement'),(1, 'Self-Improvement'),(55, 'Self-Improvement'),(77, 'Self-Improvement'),(11, 'Self-Improvement'),(43, 'Self-Improvement'),(27, 'Self-Improvement'),(67, 'Self-Improvement'),(15, 'Self-Improvement'),(19, 'Self-Improvement'),(53, 'Self-Improvement'),(8, 'Self-Improvement'),(32, 'Travel'),(57, 'Travel'),(13, 'Travel'),(34, 'Travel'),(1, 'Travel'),(32, 'Documentary'),(50, 'Documentary'),(17, 'Documentary'),(65, 'Documentary'),(16, 'Documentary'),(43, 'Documentary'),(9, 'Documentary'),(96, 'Documentary'),(98, 'Documentary'),(93, 'Documentary'),(91, 'Documentary'),(7, 'Documentary'),(39, 'Documentary'),(20, 'Documentary'),(34, 'Documentary'),(23, 'Documentary'),(60, 'Documentary'),(80, 'Documentary'),(6, 'Documentary'),(92, 'Documentary'),(2, 'Documentary'),(51, 'Documentary'),(57, 'Documentary'),(45, 'Documentary'),(55, 'Documentary'),(20, 'Ted Talks'),(73, 'Ted Talks'),(2, 'Ted Talks'),(69, 'Ted Talks'),(40, 'Ted Talks'),(11, 'Ted Talks'),(36, 'Ted Talks'),(88, 'Ted Talks'),(98, 'Ted Talks'),(85, 'Ted Talks'),(14, 'Ted Talks'),(70, 'Ted Talks'),(54, 'Ted Talks'),(47, 'Ted Talks'),(60, 'Ted Talks'),(1, 'Ted Talks'),(29, 'Ted Talks'),(26, 'Ted Talks'),(77, 'Ted Talks'),(6, 'Ted Talks'),(1, 'Product Reviews'),(19, 'Product Reviews'),(7, 'Product Reviews'),(64, 'Product Reviews'),(52, 'Product Reviews'),(48, 'Product Reviews'),(86, 'Product Reviews'),(40, 'Product Reviews'),(79, 'Product Reviews'),(76, 'Product Reviews'),(80, 'Product Reviews'),(67, 'Product Reviews'),(45, 'Product Reviews'),(60, 'Product Reviews'),(81, 'Product Reviews'),(41, 'Product Reviews'),(18, 'Product Reviews'),(2, 'Product Reviews'),(74, 'Product Reviews'),(5, 'Product Reviews');


INSERT INTO VideoViews VALUES(34, 1),(54, 1),(45, 1),(30, 1),(93, 1),(39, 1),(41, 1),(26, 1),(31, 1),(100, 1),(57, 1),(17, 1),(2, 2),(11, 2),(57, 2),(39, 2),(20, 2),(77, 2),(48, 3),(61, 3),(44, 3),(66, 3),(64, 3),(25, 3),(31, 3),(10, 3),(23, 3),(30, 3),(32, 3),(36, 3),(55, 3),(6, 4),(49, 4),(43, 4),(90, 4),(87, 4),(74, 4),(26, 4),(11, 4),(3, 4),(25, 4),(96, 4),(55, 4),(88, 4),(56, 4),(54, 4),(15, 4),(64, 4),(48, 4),(102, 4),(15, 5),(24, 5),(80, 5),(65, 5),(75, 5),(2, 5),(99, 5),(82, 5),(71, 5),(101, 5),(61, 5),(107, 5),(48, 5),(110, 5),(49, 5),(47, 5),(13, 6),(49, 6),(30, 6),(67, 6),(82, 6),(82, 7),(64, 7),(43, 7),(11, 7),(103, 7),(70, 7),(81, 7),(92, 7),(108, 7),(49, 7),(89, 7),(5, 7),(16, 7),(1, 7),(10, 7),(17, 7),(109, 7),(27, 7),(97, 7),(55, 8),(20, 8),(28, 8),(64, 8),(40, 8),(96, 8),(65, 8),(80, 8),(82, 9),(26, 10),(25, 10),(20, 10),(81, 10),(10, 10),(105, 10),(109, 10),(91, 10),(48, 10),(67, 10),(4, 10),(90, 10),(20, 11),(34, 11),(67, 11),(91, 11),(60, 11),(36, 11),(15, 11),(89, 11),(19, 11),(97, 11),(76, 11),(10, 11),(70, 11),(17, 11),(31, 11),(72, 11),(81, 11),(92, 11),(35, 12),(73, 12),(99, 12),(19, 12),(28, 12),(87, 12),(56, 12),(63, 12),(3, 12),(110, 12),(103, 12),(76, 12),(38, 12),(80, 12),(75, 12),(66, 12),(52, 12),(20, 13),(53, 13),(31, 13),(106, 14),(41, 15),(10, 15),(19, 15),(100, 16),(29, 16),(14, 16),(62, 16),(1, 16),(21, 16),(81, 16),(3, 16),(10, 16),(24, 16),(18, 16),(68, 16),(25, 16),(20, 16),(36, 16),(95, 16),(77, 17),(37, 17),(62, 17),(26, 17),(79, 17),(99, 18),(65, 18),(32, 18),(107, 18),(104, 18),(94, 18),(90, 19),(41, 19),(54, 19),(50, 19),(79, 19),(10, 19),(58, 19),(8, 19),(60, 19),(95, 20),(7, 20),(66, 20),(8, 20),(74, 20),(23, 20),(84, 20),(79, 20),(93, 20),(34, 20),(98, 20),(52, 20),(62, 20),(88, 20),(85, 20),(90, 20),(85, 21),(72, 21),(75, 21),(47, 21),(46, 21),(9, 21),(52, 21),(68, 21),(74, 21),(39, 21),(101, 21),(7, 21),(69, 21),(36, 21),(103, 21),(70, 21),(21, 21),(91, 21),(35, 21),(67, 21),(32, 22),(57, 22),(58, 22),(29, 22),(11, 22),(34, 22),(74, 22),(70, 22),(30, 22),(78, 22),(94, 22),(63, 22),(54, 23),(24, 23),(78, 23),(31, 23),(109, 23),(36, 23),(16, 23),(102, 23),(99, 23),(81, 23),(86, 23),(51, 24),(37, 24),(6, 24),(31, 24),(41, 24),(66, 24),(59, 24),(10, 24),(71, 24),(104, 24),(67, 24),(67, 25),(58, 25),(38, 25),(102, 25),(12, 25),(47, 25),(79, 25),(110, 26),(21, 26),(61, 27),(5, 27),(88, 27),(84, 27),(20, 27),(19, 27),(8, 27),(46, 27),(47, 27),(12, 27),(40, 27),(85, 27),(10, 27),(90, 27),(81, 27),(2, 27),(76, 27),(98, 27),(107, 27),(76, 28),(85, 28),(74, 28),(68, 28),(47, 28),(93, 28),(48, 28),(3, 28),(71, 28),(4, 28),(51, 28),(88, 28),(8, 28),(44, 29),(30, 29),(101, 29),(3, 29),(15, 29),(56, 29),(66, 29),(28, 29),(32, 29),(54, 30),(108, 30),(101, 30),(99, 30),(98, 30),(62, 30),(17, 30),(86, 30),(68, 30),(87, 30),(83, 30),(52, 30),(35, 30),(60, 30),(33, 30),(9, 30),(20, 31),(10, 31),(39, 31),(36, 31),(80, 31),(40, 31),(52, 31),(110, 31),(108, 31),(25, 31),(100, 31),(89, 31),(109, 32),(87, 32),(47, 32),(48, 32),(31, 32),(96, 32),(102, 32),(29, 32),(108, 32),(71, 32),(11, 32),(4, 33),(68, 34),(21, 34),(85, 34),(6, 34),(54, 34),(59, 34),(45, 35),(56, 35),(71, 35),(101, 35),(15, 35),(72, 35),(41, 35),(43, 35),(17, 35),(69, 35),(52, 35),(82, 35),(100, 35),(78, 35),(110, 35),(55, 35),(5, 35),(73, 35),(6, 36),(26, 36),(106, 36),(37, 36),(47, 36),(9, 36),(109, 36),(3, 36),(96, 37),(56, 37),(62, 37),(104, 37),(16, 37),(88, 37),(27, 37),(39, 37),(10, 37),(67, 37),(20, 38),(5, 38),(68, 38),(9, 38),(109, 38),(98, 38),(17, 38),(94, 38),(5, 39),(95, 39),(20, 39),(80, 39),(16, 39),(46, 39),(72, 39),(15, 39),(71, 39),(14, 39),(103, 39),(69, 39),(30, 39),(48, 39),(108, 39),(18, 39),(40, 39),(74, 39),(2, 39),(4, 39),(70, 40),(40, 40),(54, 40),(50, 40),(104, 40),(29, 40),(102, 40),(91, 40),(9, 40),(83, 40),(42, 40),(110, 40),(61, 40),(14, 40),(96, 40),(35, 40),(39, 40),(66, 40),(71, 40),(50, 41),(24, 41),(78, 41),(37, 41),(27, 41),(105, 42),(4, 42),(46, 42),(23, 42),(106, 42),(91, 42),(27, 42),(43, 42),(88, 42),(66, 42),(67, 42),(40, 42),(101, 42),(68, 42),(55, 42),(12, 43),(77, 43),(14, 43),(97, 43),(25, 43),(88, 43),(94, 43),(67, 43),(80, 43),(13, 43),(42, 43),(61, 43),(90, 44),(36, 44),(42, 44),(79, 44),(76, 44),(58, 44),(37, 44),(21, 44),(106, 44),(5, 44),(15, 44),(105, 44),(45, 44),(66, 45),(17, 45),(91, 45),(37, 45),(47, 45),(15, 45),(50, 45),(8, 45),(106, 45),(62, 45),(109, 45),(93, 45),(9, 45),(21, 45),(71, 45),(2, 45),(97, 45),(26, 46),(15, 46),(62, 46),(34, 46),(75, 46),(58, 46),(84, 46),(95, 46),(16, 46),(4, 46),(83, 46),(29, 46),(106, 46),(61, 46),(82, 46),(108, 46),(101, 46),(74, 47),(43, 47),(108, 47),(12, 47),(4, 47),(10, 47),(53, 47),(93, 47),(28, 47),(6, 47),(68, 48),(45, 48),(50, 48),(41, 48),(21, 48),(8, 48),(49, 48),(107, 48),(101, 48),(74, 48),(19, 48),(40, 48),(22, 48),(17, 48),(91, 49),(76, 49),(96, 49),(59, 49),(16, 49),(100, 49),(66, 49),(79, 49),(39, 49),(56, 49),(71, 49),(38, 49),(68, 49),(99, 49),(73, 50),(63, 50),(28, 51),(46, 51),(86, 52),(57, 52),(79, 52),(73, 52),(81, 52),(14, 52),(70, 52),(28, 52),(97, 52),(109, 52),(63, 53),(21, 53),(89, 53),(69, 53),(67, 53),(90, 53),(34, 53),(68, 54),(63, 54),(24, 54),(55, 54),(94, 54),(31, 54),(8, 54),(97, 54),(82, 54),(87, 54),(84, 54),(107, 54),(28, 54),(22, 54),(27, 54),(47, 54),(15, 54),(32, 54),(16, 54),(39, 55),(6, 55),(25, 55),(19, 55),(20, 55),(51, 55),(78, 55),(74, 55),(107, 55),(95, 55),(47, 55),(91, 55),(101, 55),(98, 55),(86, 55),(8, 55),(59, 55),(13, 55),(12, 55),(99, 56),(19, 56),(37, 57),(74, 57),(90, 57),(48, 57),(59, 57),(97, 57),(18, 57),(7, 58),(23, 58),(15, 58),(46, 58),(83, 58),(35, 58),(97, 58),(74, 58),(70, 58),(61, 58),(57, 58),(100, 58),(53, 58),(6, 58),(75, 58),(77, 58),(42, 59),(23, 59),(9, 59),(29, 59),(34, 59),(69, 59),(93, 59),(49, 59),(61, 59),(54, 59),(4, 59),(28, 59),(99, 59),(50, 59),(47, 59),(37, 59),(110, 59),(74, 60),(8, 60),(101, 60),(20, 60),(35, 60),(39, 60),(24, 60),(14, 60),(108, 60),(68, 61),(80, 61),(7, 61),(65, 61),(84, 61),(50, 61),(10, 61),(19, 61),(62, 61),(4, 61),(17, 61),(27, 61),(45, 61),(12, 61),(24, 61),(48, 61),(38, 61),(20, 61),(83, 61),(56, 61),(27, 62),(99, 62),(80, 62),(75, 62),(82, 62),(31, 62),(1, 62),(71, 62),(13, 62),(10, 62),(107, 62),(102, 62),(89, 62),(92, 62),(39, 63),(33, 63),(73, 63),(7, 63),(27, 63),(109, 63),(106, 63),(11, 63),(58, 63),(81, 64),(47, 64),(48, 64),(105, 64),(69, 64),(99, 65),(15, 65),(16, 65),(50, 65),(6, 65),(14, 65),(10, 65),(39, 65),(2, 65),(14, 66),(75, 66),(100, 66),(67, 66),(43, 66),(81, 66),(35, 66),(27, 66),(109, 66),(95, 66),(79, 66),(1, 66),(18, 67),(6, 67),(39, 67),(69, 67),(93, 67),(97, 67),(75, 67),(71, 68),(31, 68),(102, 68),(14, 68),(60, 68),(15, 68),(106, 68),(29, 68),(5, 68),(78, 68),(104, 68),(68, 68),(53, 68),(76, 68),(84, 68),(35, 68),(39, 68),(3, 69),(32, 70),(21, 70),(63, 70),(16, 70),(58, 70),(2, 70),(78, 70),(18, 71),(9, 71),(63, 71),(16, 71),(77, 71),(82, 71),(23, 71),(91, 71),(21, 71),(60, 71),(87, 71),(104, 72),(87, 72),(31, 72),(8, 72),(59, 72),(4, 72),(107, 72),(24, 72),(64, 72),(36, 72),(28, 72),(99, 72),(97, 72),(79, 72),(84, 72),(85, 72),(6, 73),(19, 73),(102, 73),(108, 73),(97, 73),(58, 73),(23, 73),(105, 73),(57, 73),(94, 73),(84, 73),(43, 73),(100, 73),(71, 73),(49, 73),(20, 73),(2, 73),(66, 73),(34, 73),(29, 73),(99, 74),(64, 74),(8, 74),(27, 74),(50, 74),(71, 74),(74, 74),(55, 74),(38, 74),(39, 74),(42, 75),(6, 75),(77, 75),(24, 75),(17, 75),(70, 76),(13, 76),(71, 76),(93, 76),(43, 76),(51, 76),(37, 76),(98, 76),(17, 76),(4, 76),(56, 77),(10, 77),(5, 77),(105, 77),(71, 77),(83, 77),(16, 77),(51, 77),(45, 77),(47, 77),(26, 77),(18, 77),(44, 77),(42, 77),(14, 77),(99, 77),(31, 77),(41, 77),(109, 77),(78, 78),(109, 78),(26, 78),(2, 78),(46, 78),(66, 78),(87, 78),(18, 78),(41, 78),(62, 78),(52, 78),(77, 78),(79, 79),(45, 79),(62, 79),(54, 79),(14, 79),(59, 79),(78, 79),(9, 79),(29, 79),(15, 80),(26, 80),(43, 81),(9, 81),(102, 81),(27, 81),(4, 81),(48, 81),(47, 82),(39, 82),(31, 82),(87, 82),(90, 82),(17, 82),(59, 83),(109, 83),(32, 83),(44, 83),(77, 83),(106, 83),(53, 83),(73, 83),(13, 83),(28, 83),(25, 83),(36, 83),(15, 83),(58, 83),(50, 83),(42, 83),(75, 83),(38, 83),(40, 83),(60, 83),(99, 84),(57, 84),(49, 84),(41, 84),(69, 84),(92, 84),(65, 84),(9, 85),(19, 85),(47, 85),(86, 85),(25, 85),(91, 85),(20, 85),(38, 85),(63, 85),(87, 85),(92, 86),(107, 86),(80, 86),(33, 86),(60, 86),(15, 86),(89, 86),(10, 86),(48, 86),(85, 86),(91, 86),(30, 86),(29, 86),(17, 87),(54, 87),(2, 87),(77, 87),(2, 88),(79, 88),(81, 89),(17, 89),(97, 90),(95, 90),(14, 90),(12, 90),(78, 90),(48, 90),(101, 90),(40, 90),(46, 90),(16, 90),(65, 90),(108, 90),(81, 91),(60, 91),(17, 91),(84, 91),(86, 91),(9, 92),(85, 92),(41, 92),(32, 92),(34, 92),(45, 92),(79, 92),(59, 92),(75, 92),(57, 92),(14, 92),(83, 92),(68, 92),(11, 92),(38, 92),(35, 92),(101, 92),(90, 92),(78, 93),(69, 93),(12, 93),(4, 93),(81, 93),(89, 93),(17, 93),(63, 93),(53, 93),(96, 93),(24, 93),(61, 93),(109, 93),(79, 93),(71, 94),(2, 94),(68, 94),(93, 94),(55, 94),(104, 94),(1, 94),(82, 94),(27, 94),(15, 94),(70, 94),(54, 94),(103, 94),(27, 95),(81, 95),(84, 95),(42, 95),(63, 95),(36, 96),(76, 96),(53, 96),(30, 96),(9, 96),(69, 96),(37, 96),(31, 96),(96, 96),(72, 96),(75, 96),(42, 96),(38, 96),(15, 96),(108, 96),(8, 96),(64, 97),(42, 97),(30, 97),(46, 97),(38, 97),(10, 97),(28, 97),(99, 97),(72, 97),(63, 97),(50, 97),(29, 97),(73, 97),(19, 97),(102, 97),(92, 98),(73, 98),(18, 98),(55, 98),(19, 98),(7, 98),(7, 99),(8, 99),(53, 99),(74, 99),(60, 99),(49, 99),(107, 99),(69, 99),(104, 99),(47, 99),(14, 99),(66, 99),(51, 99),(108, 99),(24, 100),(44, 100),(52, 100),(3, 100),(41, 100),(20, 100),(12, 100),(56, 100),(15, 100),(61, 100),(80, 101),(39, 101),(1, 101),(21, 101),(51, 101),(25, 101),(84, 101),(52, 101),(87, 101),(16, 101),(79, 101),(41, 102),(66, 102),(52, 102),(49, 102),(65, 102),(20, 102),(106, 102),(70, 102),(80, 102),(98, 102),(69, 102),(42, 102),(74, 102),(2, 102),(6, 102),(104, 102),(91, 102),(24, 102),(87, 102),(86, 103),(56, 103),(65, 103),(2, 103),(12, 103),(99, 103),(1, 103),(93, 103),(3, 104),(49, 105),(5, 105),(78, 105),(24, 105),(7, 105),(92, 105),(34, 105),(71, 105),(1, 105),(102, 105),(42, 105),(61, 105),(73, 105),(80, 105),(8, 105),(94, 105),(35, 105),(10, 105),(96, 105),(81, 105),(31, 106),(13, 106),(105, 106),(80, 106),(106, 106),(71, 106),(66, 106),(10, 106),(46, 106),(44, 106),(29, 106),(21, 106),(32, 107),(37, 107),(80, 107),(76, 107),(93, 107),(16, 107),(53, 107),(15, 107),(46, 107),(13, 107),(12, 107),(73, 107),(27, 107),(105, 107),(38, 107),(84, 107),(34, 107),(20, 107),(81, 108),(36, 108),(2, 108),(96, 108),(42, 108),(31, 108),(37, 108),(53, 108),(47, 108),(23, 108),(52, 109),(58, 110),(60, 110),(71, 110),(50, 110),(84, 110),(97, 110),(72, 110),(1, 110),(99, 110),(31, 110),(8, 110),(24, 110),(65, 110),(18, 110),(4, 111),(37, 111),(53, 111),(32, 111),(42, 111),(28, 111),(50, 111),(5, 111),(16, 111),(24, 112),(6, 112),(91, 113),(7, 113),(9, 113),(34, 113),(93, 113),(73, 113),(102, 113),(24, 113),(39, 113),(54, 113),(21, 113),(69, 113),(46, 113),(10, 114),(40, 114),(94, 114),(27, 114),(72, 114),(6, 115),(85, 115),(28, 115),(101, 115),(89, 115),(68, 115),(92, 115),(36, 115),(21, 115),(90, 115),(98, 115),(104, 115),(99, 115),(66, 115),(18, 115),(46, 115),(52, 115),(44, 115),(22, 116),(22, 117),(83, 117),(93, 117),(36, 117),(40, 117),(18, 118),(6, 118),(79, 118),(76, 118),(102, 118),(65, 118),(72, 118),(2, 118),(67, 118),(5, 118),(62, 118),(105, 118),(99, 118),(51, 118),(49, 118),(101, 118),(56, 119),(67, 119),(92, 119),(96, 119),(71, 119),(109, 119),(108, 119),(31, 119),(62, 119),(105, 119),(14, 119),(102, 119),(22, 119),(107, 119),(39, 119),(37, 119),(15, 119),(41, 120),(42, 120),(47, 121),(86, 121),(101, 121),(9, 121),(75, 121),(41, 121),(3, 121),(61, 121),(32, 121),(73, 121),(109, 121),(51, 121),(33, 121),(58, 121),(70, 121),(102, 121),(5, 121),(62, 121),(98, 121),(104, 121),(6, 122),(57, 122),(42, 122),(101, 122),(61, 122),(54, 122),(88, 122),(44, 122),(22, 122),(93, 122),(69, 122),(55, 122),(110, 122),(54, 123),(65, 123),(35, 123),(26, 124),(105, 124),(15, 125),(78, 125),(50, 125),(82, 125),(21, 125),(35, 125),(64, 125),(23, 125),(32, 125),(81, 125),(40, 125),(54, 125),(5, 125),(30, 125),(45, 125),(52, 125),(10, 126),(8, 126),(105, 126),(22, 126),(7, 126),(81, 126),(47, 126),(46, 126),(100, 126),(87, 126),(24, 127),(83, 127),(72, 127),(57, 127),(80, 128),(73, 128),(34, 128),(16, 128),(74, 128),(29, 128),(22, 129),(48, 129),(8, 129),(109, 129),(108, 129),(65, 129),(73, 129),(98, 129),(107, 129),(37, 129),(29, 129),(9, 130),(15, 130),(74, 130),(101, 130),(18, 130),(80, 130),(83, 130),(30, 130),(70, 130),(11, 130),(71, 130),(16, 130),(85, 130),(107, 131),(1, 131),(3, 131),(55, 131),(38, 131),(26, 131),(77, 131),(59, 131),(64, 131),(88, 131),(75, 131),(102, 132),(38, 132),(77, 133),(88, 133),(70, 133),(41, 133),(48, 133),(32, 133),(15, 133),(28, 133),(97, 133),(4, 133),(62, 133),(55, 133),(100, 133),(60, 133),(9, 134),(18, 134),(86, 135),(15, 135),(39, 135),(107, 135),(68, 135),(96, 135),(89, 135),(48, 135),(47, 135),(93, 135),(70, 135),(25, 135),(87, 135),(73, 135),(99, 135),(55, 135),(66, 135),(34, 136),(32, 136),(62, 137),(95, 137),(57, 137),(99, 137),(105, 137),(101, 137),(26, 137),(11, 137),(32, 138),(70, 138),(82, 138),(85, 138),(73, 138),(100, 138),(99, 138),(60, 138),(88, 138),(16, 139),(41, 139),(23, 139),(38, 139),(2, 139),(66, 139),(67, 139),(27, 139),(31, 139),(103, 139),(101, 139),(75, 139),(29, 139),(6, 139),(80, 139),(106, 139),(99, 139),(92, 139),(32, 139),(8, 140),(81, 140),(25, 140),(34, 140),(98, 140),(33, 140),(93, 140),(27, 140),(42, 140),(79, 140),(6, 140),(39, 140),(66, 140),(29, 140),(73, 140),(57, 141),(29, 142),(70, 142),(1, 142),(19, 143),(97, 143),(35, 143),(88, 143),(74, 143),(58, 143),(79, 143),(26, 143),(100, 143),(30, 143),(52, 143),(83, 143),(6, 144),(38, 144),(32, 144),(97, 144),(8, 144),(17, 144),(105, 144),(28, 144),(69, 144),(80, 144),(103, 144),(84, 144),(3, 144),(107, 144),(67, 144),(29, 144),(7, 144),(27, 144),(99, 144),(109, 145),(2, 145),(74, 145),(71, 146),(23, 146),(13, 146),(74, 146),(77, 146),(19, 146),(44, 146),(97, 146),(18, 146),(51, 146),(83, 146),(37, 147),(78, 147),(30, 147),(88, 147),(105, 147),(31, 147),(85, 148),(59, 148),(61, 148),(104, 148),(44, 148),(64, 148),(47, 148),(30, 148),(90, 148),(101, 148),(79, 148),(52, 148),(40, 149),(73, 149),(3, 149),(13, 149),(6, 149),(98, 149),(44, 149),(83, 149),(61, 149),(109, 149),(7, 149),(86, 149),(56, 149),(108, 150),(98, 150),(19, 150),(110, 150),(5, 150),(69, 150),(22, 150),(28, 150),(51, 150),(106, 150),(92, 150),(50, 150),(36, 150),(15, 150),(89, 150),(40, 150),(57, 150),(6, 150),(67, 150),(43, 151),(97, 151),(110, 151),(49, 151),(88, 151),(55, 151),(95, 151),(9, 151),(26, 151),(46, 151),(47, 151),(15, 151),(70, 151),(2, 151),(20, 151),(42, 152),(26, 152),(16, 152),(52, 152),(20, 152),(100, 152),(25, 152),(92, 152),(44, 152),(74, 152),(101, 152),(22, 152),(105, 152),(83, 152),(102, 152),(77, 152),(81, 152),(99, 152),(71, 153),(32, 153),(52, 153),(75, 153),(102, 153),(87, 153),(103, 153),(33, 153),(54, 153),(27, 153),(105, 153),(101, 153),(9, 153),(60, 153),(30, 153),(21, 153),(2, 153),(21, 154),(100, 154),(100, 155),(8, 155),(95, 156),(19, 156),(46, 156),(93, 156),(69, 156),(80, 157),(55, 157),(34, 157),(99, 157),(91, 157),(49, 157),(65, 157),(20, 157),(96, 157),(77, 158),(39, 158),(104, 158),(65, 158),(87, 158),(24, 158),(10, 158),(45, 158),(98, 158),(34, 158),(108, 159),(21, 159),(81, 159),(73, 159),(80, 159),(15, 159),(42, 159),(1, 160),(40, 160),(14, 160),(13, 160),(35, 160),(79, 160),(93, 160),(17, 160),(105, 160),(38, 160),(4, 160),(39, 160),(95, 160),(67, 160),(88, 160),(97, 161),(64, 161),(79, 161),(8, 161),(53, 161),(8, 162),(11, 162),(16, 162),(71, 162),(32, 162),(33, 162),(61, 162),(102, 162),(29, 162),(88, 162),(101, 162),(40, 162),(84, 163),(91, 163),(52, 163),(5, 163),(9, 163),(108, 163),(63, 163),(46, 163),(78, 163),(43, 163),(73, 163),(31, 163),(32, 163),(35, 163),(98, 163),(21, 163),(19, 163),(62, 164),(24, 164),(109, 164),(80, 164),(85, 164),(48, 164),(79, 164),(70, 164),(19, 164),(4, 165),(12, 165),(15, 165),(11, 165),(70, 165),(101, 165),(55, 165),(59, 165),(37, 165),(18, 165),(100, 165),(34, 165),(25, 165),(48, 165),(6, 165),(52, 165),(90, 166),(38, 166),(95, 167),(48, 167),(68, 167),(96, 167),(44, 167),(25, 167),(3, 167),(41, 167),(45, 168),(39, 168),(57, 168),(101, 168),(10, 168),(99, 168),(26, 168),(8, 168),(17, 168),(106, 168),(49, 168),(73, 168),(18, 168),(27, 168),(29, 168),(97, 168),(104, 168),(36, 168),(30, 168),(63, 168),(73, 169),(25, 169),(37, 169),(66, 169),(68, 169),(96, 169),(94, 169),(84, 169),(11, 169),(30, 169),(46, 169),(2, 169),(36, 169),(93, 169),(16, 169),(109, 170),(75, 170),(64, 170),(25, 170),(54, 170),(21, 170),(29, 170),(52, 170),(71, 170),(57, 170),(46, 171),(101, 171),(56, 171),(62, 171),(63, 171),(7, 171),(70, 171),(18, 172),(15, 172),(73, 172),(92, 172),(84, 172),(107, 172),(54, 172),(40, 172),(3, 172),(14, 172),(82, 172),(81, 172),(72, 173),(91, 173),(68, 173),(25, 173),(108, 173),(94, 174),(2, 174),(55, 174),(20, 175),(35, 175),(95, 175),(13, 175),(55, 175),(93, 175),(78, 175),(85, 175),(60, 175),(27, 175),(81, 175),(43, 175),(75, 175),(64, 175),(81, 176),(36, 176),(44, 176),(77, 176),(108, 177),(60, 177),(1, 177),(51, 177),(110, 177),(95, 177),(57, 177),(8, 178),(36, 178),(69, 178),(19, 178),(108, 178),(54, 178),(84, 179),(16, 179),(99, 179),(37, 179),(29, 179),(59, 179),(33, 179),(50, 179),(94, 179),(108, 179),(107, 179),(11, 179),(31, 179),(104, 179),(100, 179),(9, 179),(103, 179),(47, 179),(3, 180),(23, 180),(76, 180),(96, 180),(68, 180),(53, 180),(37, 180),(82, 180),(11, 180),(29, 180),(15, 180),(104, 180),(20, 180),(40, 180),(87, 180),(44, 180),(103, 180),(10, 180),(71, 180),(80, 180),(32, 181),(52, 181),(61, 182),(91, 182),(76, 182),(42, 182),(54, 182),(5, 182),(32, 182),(15, 182),(83, 182),(26, 182),(28, 182),(57, 182),(10, 182),(44, 183),(106, 183),(32, 183),(104, 183),(38, 184),(13, 184),(86, 184),(67, 184),(76, 184),(75, 184),(48, 184),(47, 184),(21, 184),(5, 184),(95, 184),(45, 185),(68, 185),(28, 185),(97, 185),(104, 185),(76, 185),(62, 185),(56, 185),(41, 185),(32, 185),(73, 185),(103, 185),(13, 185),(87, 185),(70, 185),(47, 185),(33, 185),(18, 185),(10, 185),(8, 185),(94, 186),(73, 186),(102, 186),(4, 186),(104, 186),(76, 186),(42, 186),(62, 186),(74, 186),(17, 186),(107, 186),(46, 186),(55, 186),(26, 186),(45, 187),(20, 187),(19, 187),(6, 187),(32, 187),(64, 187),(30, 187),(23, 187),(87, 187),(34, 187),(51, 187),(22, 187),(101, 187),(46, 187),(82, 187),(21, 188),(45, 188),(49, 188),(24, 188),(43, 188),(40, 188),(66, 188),(71, 188),(63, 188),(11, 188),(27, 188),(101, 188),(7, 188),(99, 189),(11, 189),(72, 189),(100, 189),(66, 189),(81, 189),(41, 189),(40, 189),(80, 189),(90, 189),(19, 190),(85, 190),(86, 190),(38, 190),(64, 190),(110, 190),(48, 190),(54, 190),(97, 190),(89, 190),(33, 190),(1, 190),(37, 190),(15, 190),(11, 190),(45, 190),(47, 190),(87, 190),(23, 190),(40, 191),(80, 191),(63, 191),(104, 191),(48, 191),(41, 191),(37, 191),(31, 191),(34, 191),(25, 191),(26, 191),(24, 191),(85, 191),(54, 191),(87, 191),(92, 191),(78, 191),(15, 191),(103, 191),(11, 192),(96, 192),(58, 192),(102, 192),(59, 193),(60, 193),(58, 193),(109, 193),(18, 193),(10, 193),(4, 193),(36, 193),(53, 193),(95, 193),(64, 193),(85, 193),(65, 193),(62, 193),(40, 193),(7, 194),(19, 194),(63, 194),(74, 194),(48, 194),(37, 194),(52, 194),(39, 194),(97, 194),(86, 194),(83, 194),(104, 195),(98, 195),(82, 195),(46, 195),(90, 195),(96, 195),(31, 195),(95, 195),(100, 195),(45, 195),(2, 195),(72, 195),(59, 195),(4, 196),(75, 196),(54, 196),(64, 196),(16, 196),(46, 196),(67, 196),(36, 196),(45, 196),(55, 196),(57, 196),(109, 196),(98, 196),(52, 196),(72, 197),(85, 197),(94, 197),(62, 197),(48, 197),(105, 197),(91, 197),(67, 197),(21, 197),(66, 197),(77, 198),(66, 198),(60, 198),(74, 198),(95, 198),(102, 198),(69, 198),(3, 198),(79, 198),(110, 198),(105, 198),(52, 198),(7, 198),(107, 198),(6, 198),(41, 198),(44, 198),(106, 198),(88, 198),(59, 199),(49, 199),(93, 199),(97, 199),(63, 199),(58, 199),(35, 199),(89, 199),(18, 199),(95, 199),(86, 199),(36, 199),(82, 199),(69, 199),(10, 199),(44, 200),(98, 200),(65, 200),(20, 200),(1, 200),(13, 200),(31, 200),(32, 200),(84, 200),(40, 200),(72, 200),(96, 200),(37, 200),(73, 200),(25, 201),(17, 201),(90, 201),(29, 201),(47, 201),(65, 201),(80, 201),(81, 201),(39, 201),(105, 202),(62, 202),(92, 202),(86, 202),(15, 202),(23, 202),(28, 202),(99, 202),(89, 202),(94, 202),(32, 202),(68, 202),(17, 202),(96, 203),(100, 203),(36, 203),(97, 203),(31, 203),(51, 203),(53, 203),(99, 203),(5, 203),(11, 203),(56, 203),(84, 203),(63, 203),(4, 203),(34, 203),(98, 203),(37, 203),(78, 203),(1, 204),(32, 204),(105, 204),(78, 204),(86, 204),(62, 204),(92, 204),(63, 204),(107, 204),(20, 204),(5, 204),(79, 204),(95, 204),(41, 204),(50, 204),(18, 204),(2, 204),(30, 204),(73, 204),(34, 204),(6, 205),(19, 205),(54, 205),(67, 205),(88, 205),(93, 205),(34, 205),(106, 205),(48, 205),(12, 205),(62, 205),(80, 205),(95, 205),(74, 205),(99, 205),(63, 205),(39, 205),(27, 205),(87, 205),(93, 206),(53, 206),(54, 206),(92, 206),(21, 206),(64, 206),(86, 206),(55, 206),(60, 206),(102, 206),(34, 206),(90, 206),(30, 206),(99, 206),(4, 206),(106, 206),(97, 206),(55, 207),(8, 207),(21, 207),(47, 207),(26, 207),(46, 207),(71, 207),(15, 207),(4, 207),(42, 208),(16, 208),(76, 208),(35, 208),(67, 208),(71, 208),(33, 208),(59, 208),(96, 208),(4, 208),(87, 208),(27, 208),(45, 208),(48, 208),(99, 208),(109, 208),(9, 208),(64, 208),(57, 208),(8, 209),(88, 209),(81, 209),(95, 209),(83, 209),(63, 209),(11, 209),(62, 209),(110, 209),(14, 209),(49, 209),(89, 209),(102, 209),(57, 210),(10, 210),(21, 210),(38, 210),(64, 210),(25, 210),(13, 210),(20, 210),(75, 210),(107, 210),(7, 210),(109, 210),(5, 210),(94, 210),(66, 210),(58, 210),(26, 210),(42, 210),(54, 211),(76, 211),(104, 211),(68, 211),(46, 211),(34, 211),(3, 211),(61, 211),(27, 211),(96, 211),(49, 211),(97, 211),(17, 211),(3, 212),(34, 212),(70, 213),(61, 213),(84, 213),(101, 213),(51, 213),(67, 213),(45, 213),(78, 213),(95, 213),(28, 213),(36, 213),(88, 213),(79, 213),(65, 213),(22, 213),(72, 213),(20, 214),(94, 214),(60, 214),(28, 215),(99, 215),(71, 215),(81, 215),(39, 215),(24, 215),(86, 215),(30, 215),(8, 216),(20, 216),(17, 216),(110, 216),(46, 216),(98, 216),(104, 216),(33, 216),(79, 216),(60, 216),(94, 216),(10, 216),(70, 216),(57, 216),(97, 216),(26, 216),(103, 216),(85, 216),(61, 216),(74, 217),(103, 217),(17, 217),(54, 217),(61, 217),(100, 217),(20, 217),(70, 217),(48, 217),(68, 217),(106, 217),(5, 217),(53, 217),(108, 217),(24, 217),(69, 217),(62, 218),(38, 218),(81, 218),(88, 218),(85, 218),(76, 218),(44, 218),(93, 218),(8, 218),(31, 218),(79, 218),(25, 218),(61, 218),(108, 218),(109, 218),(59, 218),(95, 218),(79, 219),(52, 219),(50, 220),(2, 220),(60, 220),(18, 220),(101, 220),(91, 220),(71, 220),(93, 220),(32, 220),(110, 220),(7, 220),(25, 220),(41, 220),(53, 220),(38, 220),(74, 221),(70, 221),(103, 221),(4, 221),(25, 221),(24, 221),(3, 221),(38, 221),(69, 221),(37, 221),(43, 222),(68, 222),(47, 222),(37, 222),(88, 222),(56, 222),(31, 222);


